username,first_name,last_name,document,email,password
afackney0,Ahmad,Fackney,7033307,afackney0@yellowpages.com,HqSZEfa1CzZf
afogden1,Abe,Fogden,5492849,afogden1@sciencedirect.com,vXOehwlVob
sguerreru2,Sherline,Guerreru,8833529,sguerreru2@vkontakte.ru,x6ElniNq
gmackley3,Garland,Mackley,5294742,gmackley3@ibm.com,lF5ErvyCJ
gloudian4,Giordano,Loudian,9853155,gloudian4@github.io,UAPuv0z7x8
dhupe5,Darin,Hupe,9859656,dhupe5@live.com,jCyh99
vainge6,Vin,Ainge,3463710,vainge6@plala.or.jp,LZzI2e
gjune7,Gayle,June,5353515,gjune7@devhub.com,HSllW19uS
caveries8,Cirilo,Averies,1355385,caveries8@miibeian.gov.cn,AL8xkfD
gwinspare9,Gradeigh,Winspare,8636437,gwinspare9@theguardian.com,2UiYs0y
rspritta,Ruthie,Spritt,2516914,rspritta@wp.com,Uhtiz76ie
aredmondb,Arie,Redmond,3403324,aredmondb@elegantthemes.com,EydWJ3E
oswaddenc,Onfroi,Swadden,6304762,oswaddenc@weibo.com,ReXgVYEHfbA
mcannamd,Madelon,Cannam,9863236,mcannamd@imdb.com,WkOQV9
mgrzeszczake,Manya,Grzeszczak,9079136,mgrzeszczake@simplemachines.org,cmI2jCRv2VgK
klovemoref,Kennedy,Lovemore,7048348,klovemoref@indiatimes.com,hXCxkfBEWO
labreheartg,Lowe,Abreheart,8024634,labreheartg@about.com,sk150VWyy
wcowlamh,Wainwright,Cowlam,1985929,wcowlamh@walmart.com,hdRrKktmYI3
nzuppai,Nester,Zuppa,3345347,nzuppai@wikia.com,9ZTlFFN2
dleathej,Dick,Leathe,8112503,dleathej@joomla.org,07dYxDMBDm6
vkuhnertk,Venita,Kuhnert,8482154,vkuhnertk@4shared.com,6xETrv7E
llocarnol,Lorin,Locarno,2834030,llocarnol@cbc.ca,wuOItIccjYb
gfewtrellm,Gwendolen,Fewtrell,2427644,gfewtrellm@earthlink.net,yE2wMcm
rsilverstonen,Roldan,Silverstone,9919042,rsilverstonen@meetup.com,bzNxnpsH
mbriando,Minette,Briand,5779462,mbriando@wufoo.com,fnc27lSQ
ebertlinp,Egon,Bertlin,3777334,ebertlinp@moonfruit.com,hY2PDyFg6S6n
eygouq,Emmey,Ygou,2647394,eygouq@census.gov,eIESSYf
htroutbeckr,Horatius,Troutbeck,7712161,htroutbeckr@myspace.com,KP0BMEhEJa
jabrams,Joseph,Abram,2354940,jabrams@etsy.com,baNIchg
rboordt,Roze,Boord,3052785,rboordt@exblog.jp,lQtooSHKpZc
cbirkbecku,Chev,Birkbeck,2143495,cbirkbecku@liveinternet.ru,w7lJppsB
bwarkv,Brock,Wark,4536563,bwarkv@ask.com,N8iiMrIv
ppartenerw,Pasquale,Partener,1499034,ppartenerw@wikispaces.com,Fuupq11olc
mcatenotx,Matty,Catenot,4277485,mcatenotx@zdnet.com,e002cp3
jhenriquesy,Jessica,Henriques,1430711,jhenriquesy@whitehouse.gov,xuPKnAxQQV
jgonz,Jermain,Gon,4918131,jgonz@opensource.org,A77J0067a
esnazel10,Emmalynne,Snazel,7104431,esnazel10@soundcloud.com,PDiPMNpC0
dgavrielli11,Donnie,Gavrielli,5771440,dgavrielli11@theglobeandmail.com,U8fgk7kPIZ
fomulderrig12,Frasco,O' Mulderrig,1677117,fomulderrig12@unc.edu,Le5lvzp
ltimeby13,Loretta,Timeby,5189088,ltimeby13@hc360.com,l0igMZG2dLNk
skydde14,Sean,Kydde,8198179,skydde14@prlog.org,UTOpxfHj
mjennions15,Madelin,Jennions,7728371,mjennions15@shareasale.com,YTwsypfo
icamden16,Ingmar,Camden,4454324,icamden16@about.me,Cd7GWjH
nrickersey17,Nobe,Rickersey,6769544,nrickersey17@mozilla.org,VjADlpLFw
ncrosham18,Nessa,Crosham,9807598,ncrosham18@constantcontact.com,TCU6MmS
vmcnysche19,Vivien,McNysche,8422519,vmcnysche19@epa.gov,GzDYZdpIG
tscamal1a,Thor,Scamal,6196383,tscamal1a@networkadvertising.org,PEuNffLrY5sg
ccokely1b,Cynthy,Cokely,2812787,ccokely1b@webeden.co.uk,V1LSiNuOW
gtorvey1c,Gerti,Torvey,6956632,gtorvey1c@creativecommons.org,aTmYMt
rdanilovitch1d,Rosanne,Danilovitch,5579713,rdanilovitch1d@sfgate.com,M3zkXPqL37V
ejacob1e,Ealasaid,Jacob,1410502,ejacob1e@clickbank.net,lQFNdUrYlj
dmaxwaile1f,Dunc,Maxwaile,7075006,dmaxwaile1f@issuu.com,PrNp7fe9PuaN
mferia1g,Maryrose,Feria,9688997,mferia1g@bluehost.com,8hRtqfy5qViS
alearmonth1h,Arlette,Learmonth,8817557,alearmonth1h@wikia.com,keLdZoGgRl3w
rcristofano1i,Rosanne,Cristofano,3258516,rcristofano1i@umich.edu,xzqUnkKZ0c
ljosipovic1j,Loydie,Josipovic,9754665,ljosipovic1j@berkeley.edu,EIxAkheq8
jtorrent1k,Julius,Torrent,8391077,jtorrent1k@biglobe.ne.jp,X5zXHYw
rlamputt1l,Raviv,Lamputt,4550033,rlamputt1l@washington.edu,2J6AVBUvjiU
enaire1m,Emelita,Naire,4950002,enaire1m@dmoz.org,FuLU6VlER
acaesman1n,Ange,Caesman,5310703,acaesman1n@marketwatch.com,f2fOcNwEWB89
ddreye1o,Davidde,Dreye,9551106,ddreye1o@cnet.com,BePT5NilpcZ
dwayvill1p,Devi,Wayvill,9367486,dwayvill1p@a8.net,9P9sRIX
ctorrese1q,Cesar,Torrese,1580825,ctorrese1q@lycos.com,DQVBY31hgCXh
scastan1r,Sissy,Castan,4881015,scastan1r@mozilla.com,8aRz1Ymt
mmecchi1s,Matthus,Mecchi,7103520,mmecchi1s@hugedomains.com,3P93dlgsO3Cv
mboadby1t,Monty,Boadby,5369191,mboadby1t@bandcamp.com,4padBX
cmauser1u,Charla,Mauser,7904486,cmauser1u@about.me,eRnX5p
rferrandez1v,Rudie,Ferrandez,9583950,rferrandez1v@qq.com,bSTMdQLQxjV0
qtavernor1w,Quinta,Tavernor,6221547,qtavernor1w@indiegogo.com,GBUDQ2GEIULx
aenstone1x,Alikee,Enstone,9594514,aenstone1x@deliciousdays.com,Lb41z1TG
scurm1y,Stace,Curm,1466809,scurm1y@issuu.com,cZw9toHFB
lseverns1z,Leandra,Severns,8557237,lseverns1z@nyu.edu,yWTA5VhWMM4
kwithnall20,Kalli,Withnall,4103369,kwithnall20@google.de,iKTBWG8d
dregitz21,Dorothee,Regitz,7490087,dregitz21@hc360.com,hlX5ijua3Y
eskupinski22,Even,Skupinski,2819990,eskupinski22@squarespace.com,vNaFBnhSI
aglashby23,Annadiane,Glashby,6515868,aglashby23@studiopress.com,1AT5rEF
dbraven24,Dave,Braven,6821338,dbraven24@dailymail.co.uk,OjImGgU9
lweddeburnscrimgeour25,Lynna,Weddeburn - Scrimgeour,4328380,lweddeburnscrimgeour25@discuz.net,1ihOZGN
rdrewell26,Reuven,Drewell,7974310,rdrewell26@360.cn,50yl3XR
rminchin27,Renato,Minchin,7065842,rminchin27@ca.gov,0tv0ZEH9
jdriutti28,Jamey,Driutti,1079955,jdriutti28@cornell.edu,y1RZZ74565O
fwellwood29,Fons,Wellwood,4147611,fwellwood29@sohu.com,kYoFFsMhT
lespadas2a,Lianne,Espadas,1551426,lespadas2a@lulu.com,5zrZ7v
bjagels2b,Bert,Jagels,1893790,bjagels2b@unc.edu,VpZjIJno03
greignard2c,Gerri,Reignard,4821700,greignard2c@tamu.edu,xc9OCc4
stankard2d,Sean,Tankard,5850735,stankard2d@cnet.com,ecYWCYT13V0B
hmolnar2e,Harriette,Molnar,2437355,hmolnar2e@gravatar.com,THUSjBK8e
mpoole2f,Mortimer,Poole,1574356,mpoole2f@marriott.com,vkVn0Vnhi
amidlar2g,Agata,Midlar,6954786,amidlar2g@linkedin.com,DFqjw6Vcte4
calanbrooke2h,Corbett,Alanbrooke,2681942,calanbrooke2h@odnoklassniki.ru,seEqgP5W
cmowne2i,Conroy,Mowne,5026275,cmowne2i@examiner.com,v3rkZHxlYo
lrides2j,Lezlie,Rides,2954363,lrides2j@ovh.net,jGxieTndbM
ariddel2k,Anabel,Riddel,6442318,ariddel2k@wikimedia.org,7Lu5yMelCk
aaspole2l,Andris,Aspole,1657500,aaspole2l@google.com.br,Y9WKuh
edennington2m,Emily,Dennington,5582540,edennington2m@opera.com,z7MKJYmeYtO
iquenby2n,Ingar,Quenby,4951695,iquenby2n@tripadvisor.com,Y5m4OTOJ
cbartomieu2o,Carilyn,Bartomieu,7363692,cbartomieu2o@salon.com,EkKWqjJg
sjoice2p,Sid,Joice,6357789,sjoice2p@home.pl,NayI1ZzSPOUm
gcaron2q,Gloria,Caron,5513697,gcaron2q@purevolume.com,PaAPqNZPI
irenhard2r,Ilene,Renhard,7240901,irenhard2r@washington.edu,EOTSZxfeVpLF
chathaway2s,Cletis,Hathaway,9684302,chathaway2s@feedburner.com,0Eyd6sGS
ccathrall2t,Cirstoforo,Cathrall,7349141,ccathrall2t@google.co.jp,9BBXKV
jbeininck2u,Jarid,Beininck,9611232,jbeininck2u@illinois.edu,c5IDBiNF
cmatis2v,Cybill,Matis,6713447,cmatis2v@wix.com,i2jAn8
aburchett2w,Alexandr,Burchett,6746384,aburchett2w@ca.gov,MtwEPvoB
wconaghy2x,Wallis,Conaghy,6104032,wconaghy2x@epa.gov,viqAZCb91
bmathan2y,Bailie,Mathan,8001256,bmathan2y@gravatar.com,Kzinl8R3oPL
ecowpertwait2z,Earvin,Cowpertwait,5801378,ecowpertwait2z@netlog.com,xeOvzW
cwinham30,Christoforo,Winham,1793889,cwinham30@va.gov,b9sQrC
lfarmloe31,Lexine,Farmloe,5509843,lfarmloe31@about.me,yscQVdhMn78
dmitchel32,Dalenna,Mitchel,8774478,dmitchel32@hud.gov,PqantZOhVN8
rshadfourth33,Reinald,Shadfourth,8190002,rshadfourth33@nationalgeographic.com,eK9k1Ng
tdrakeley34,Trefor,Drakeley,6838546,tdrakeley34@hostgator.com,sG5FLZG
hlead35,Huey,Lead,8900683,hlead35@twitpic.com,AXS2Jm
jturri36,Jaimie,Turri,3277970,jturri36@list-manage.com,GcJMpn
mcanet37,Mariquilla,Canet,1716324,mcanet37@epa.gov,ja3B0a7
gballance38,Granger,Ballance,1599379,gballance38@nydailynews.com,QdtWX9FwHB
etickel39,Ebba,Tickel,3341864,etickel39@meetup.com,FGfG7eXLN3Dg
pleverage3a,Pavia,Leverage,8019117,pleverage3a@squidoo.com,q1gyjeDdntU
tblei3b,Tedd,Blei,2865460,tblei3b@hatena.ne.jp,6GUTrusz11oi
abeathem3c,Alessandra,Beathem,9631339,abeathem3c@php.net,QRPeCF
ckarim3d,Cherianne,Karim,8975023,ckarim3d@odnoklassniki.ru,CoEbMxO
hboutellier3e,Holt,Boutellier,6656180,hboutellier3e@newyorker.com,EDFnLQwyN
ndinneges3f,Nathanil,Dinneges,8274307,ndinneges3f@hp.com,DXK7VmwGQ
jdescoffier3g,Joaquin,d'Escoffier,9876883,jdescoffier3g@amazon.co.jp,zsQ7Cu6gRm
mhasty3h,Michaeline,Hasty,4739869,mhasty3h@facebook.com,ZHHhioayPg
smccoy3i,Shane,McCoy,5627400,smccoy3i@skyrock.com,DcKVgoBEYKm
bscottesmoor3j,Blinny,Scottesmoor,8553623,bscottesmoor3j@amazon.com,tS2lEA
csawdon3k,Cosetta,Sawdon,1977530,csawdon3k@tiny.cc,dRpuNV
kbottleson3l,Karl,Bottleson,2827193,kbottleson3l@com.com,mC8qaSh
mspriggen3m,Melva,Spriggen,4916490,mspriggen3m@is.gd,zvBH04dfZVyk
hsallery3n,Harley,Sallery,4812665,hsallery3n@state.gov,vcMumIFJ6E3
mnoquet3o,Meaghan,Noquet,8521689,mnoquet3o@ft.com,aM0G1YL4
vpepperill3p,Viki,Pepperill,4899888,vpepperill3p@narod.ru,K1rUi0aNw
isully3q,Idell,Sully,9529270,isully3q@opera.com,tbDItoljchCP
dmcelvogue3r,Daffy,McElvogue,7183846,dmcelvogue3r@feedburner.com,1G2Su6
ewackley3s,Everard,Wackley,8365001,ewackley3s@whitehouse.gov,vRvexHrmX
smeekings3t,Saunder,Meekings,3998944,smeekings3t@cdc.gov,cunCOl6
kridout3u,Killy,Ridout,7552638,kridout3u@meetup.com,KcaWh6tm27tH
chemms3v,Coreen,Hemms,1268832,chemms3v@miibeian.gov.cn,rBXtVf
twoodrough3w,Torrance,Woodrough,5644646,twoodrough3w@cornell.edu,XxS0fomPz
ehenke3x,Eunice,Henke,8712898,ehenke3x@aboutads.info,A1gi1dfKER
pdudson3y,Pate,Dudson,4717899,pdudson3y@npr.org,u8sWD1
gmcguirk3z,Glenn,McGuirk,7472626,gmcguirk3z@soup.io,5dSV0m
msabban40,Mattie,Sabban,3474666,msabban40@unesco.org,vCNvaR
nrunchman41,Nicole,Runchman,6997003,nrunchman41@tamu.edu,rqr8crriQlJ4
mtolley42,Marco,Tolley,6772949,mtolley42@mysql.com,jrDxUkU2
gpeniello43,Geneva,Peniello,9764355,gpeniello43@desdev.cn,vj3JgPlvVCx
aivanyushkin44,Amalle,Ivanyushkin,6222115,aivanyushkin44@i2i.jp,srIhJpv7aQmR
dstockin45,Damaris,Stockin,4097041,dstockin45@google.co.jp,uLDJoUvPD
amckeeman46,Andy,McKeeman,9342133,amckeeman46@bloomberg.com,J9nuUZmHMw
adufaur47,Alex,Dufaur,8268756,adufaur47@yelp.com,oc1Ls1
bwhilder48,Barri,Whilder,1281457,bwhilder48@cmu.edu,lsA8227Pd
emcgannon49,Elmo,McGannon,3738394,emcgannon49@nature.com,iKJrWf4S5jT
lbabon4a,Lucy,Babon,2419661,lbabon4a@eepurl.com,yEI8S2Rsnd1
chamsher4b,Chris,Hamsher,9954654,chamsher4b@discuz.net,TWc6oK
fmackenzie4c,Friederike,MacKenzie,1412753,fmackenzie4c@ycombinator.com,kmqiAQeg
sbrunicke4d,Shara,Brunicke,3374071,sbrunicke4d@google.nl,lAKcODPtZRzc
jgaraway4e,Jocelyn,Garaway,3882189,jgaraway4e@biglobe.ne.jp,0GJVAiUV
jdeclairmont4f,Justis,De Clairmont,2389802,jdeclairmont4f@about.com,m10zt06WRI
scamplin4g,Sheila-kathryn,Camplin,1392724,scamplin4g@themeforest.net,PDdUO2O6B8
nlinwood4h,Nikos,Linwood,9737925,nlinwood4h@huffingtonpost.com,bxfDqYGT4n
jbilston4i,Joellyn,Bilston,9367006,jbilston4i@plala.or.jp,OOlP9Sx3u
jhumbatch4j,Jo-ann,Humbatch,5797604,jhumbatch4j@sfgate.com,EluJbUHh
hbroster4k,Harwell,Broster,3008620,hbroster4k@salon.com,kanGWbOQTO
cmaccoll4l,Cristy,MacColl,8692623,cmaccoll4l@disqus.com,Zt23J0cptt1
clambe4m,Carlyn,Lambe,8669970,clambe4m@instagram.com,Ufkt88zoo2
sklimaszewski4n,Solly,Klimaszewski,7139684,sklimaszewski4n@dropbox.com,fFymG3t
abritner4o,Angeline,Britner,8737864,abritner4o@nifty.com,Mmop5ttRn
aworcester4p,Alvan,Worcester,5212573,aworcester4p@people.com.cn,8pHObmRx
skonrad4q,Shelagh,Konrad,6988276,skonrad4q@hatena.ne.jp,JcnWZV4mDef
dcalf4r,Delphinia,Calf,3287216,dcalf4r@hatena.ne.jp,vIuEDquBb
uallington4s,Ulysses,Allington,2295303,uallington4s@alibaba.com,t4JpBoj
ktimmis4t,Kacey,Timmis,3486327,ktimmis4t@altervista.org,jBc6FdD05K
mdeverock4u,Marjory,Deverock,5166364,mdeverock4u@oaic.gov.au,B7qSVzN
bcasterton4v,Brina,Casterton,2007616,bcasterton4v@china.com.cn,FMKLzLs
emccadden4w,Errick,McCadden,9988815,emccadden4w@histats.com,sccqHv4hqB
astonebridge4x,Almire,Stonebridge,2312301,astonebridge4x@sciencedaily.com,SLYdnSPpf
mstrangwood4y,Moishe,Strangwood,7872455,mstrangwood4y@nasa.gov,w4GGX3T6
mjosham4z,Martita,Josham,3276464,mjosham4z@yale.edu,C8OQy0L8
hcharrett50,Hartwell,Charrett,2772617,hcharrett50@sciencedaily.com,8SvpAo8j6iLi
gcalver51,Gwendolen,Calver,7527074,gcalver51@arizona.edu,SDUIlB
cgiveen52,Charlean,Giveen,5061191,cgiveen52@51.la,z7Hs5O5KfOD
vemmer53,Vida,Emmer,8536031,vemmer53@discovery.com,U2YbyJ3h
brothman54,Bibi,Rothman,7908822,brothman54@virginia.edu,c7NCgHaLY
tlepope55,Tabor,Lepope,8988876,tlepope55@skype.com,bPehuEDZ0wq
lgotthard56,Lelah,Gotthard,2414888,lgotthard56@google.co.uk,2nI06Jn
cdukesbury57,Clemmy,Dukesbury,7738534,cdukesbury57@thetimes.co.uk,o1XCBAFmD
scostelow58,Sig,Costelow,6400857,scostelow58@geocities.com,IAiTSgX8AH7
kchasteney59,Kellsie,Chasteney,5829257,kchasteney59@usatoday.com,wzPAGT
ckoppel5a,Con,Koppel,5557471,ckoppel5a@wix.com,pcgI6CdjP
biannuzzi5b,Blake,Iannuzzi,5249523,biannuzzi5b@instagram.com,CvtV9lZU
ggordge5c,Godiva,Gordge,2797396,ggordge5c@whitehouse.gov,rDVNp7N
tbencher5d,Thorstein,Bencher,8379882,tbencher5d@baidu.com,rr6l84ALWxGD
cspilling5e,Cesaro,Spilling,8373437,cspilling5e@npr.org,0gLA1J4ty
cantognoni5f,Carlina,Antognoni,3075164,cantognoni5f@usatoday.com,DXKXh9Umbh
mdeantoni5g,Moe,De Antoni,4356922,mdeantoni5g@yellowpages.com,5ytCEyFBUQOB
deasterfield5h,Darn,Easterfield,6330742,deasterfield5h@ning.com,6qR0cb10
rmanser5i,Reagen,Manser,3746515,rmanser5i@feedburner.com,WABHTP5YH6bM
mdoerling5j,Miguela,Doerling,7733894,mdoerling5j@ifeng.com,H8RnDhv
fpoley5k,Flore,Poley,3239426,fpoley5k@answers.com,1LDbci4v4
cchable5l,Celina,Chable,9604058,cchable5l@bigcartel.com,VJDGzLYw5J
ethacker5m,Eugen,Thacker,1619155,ethacker5m@istockphoto.com,O0H4yyzbNO
biremonger5n,Brnaby,Iremonger,5233588,biremonger5n@trellian.com,nBeFtVUirCFv
vcrafter5o,Vachel,Crafter,4225116,vcrafter5o@barnesandnoble.com,OCxdzu5y
wmilch5p,Willy,Milch,2207126,wmilch5p@tiny.cc,lwDgBl69Ff8
tmaystone5q,Tana,Maystone,1351124,tmaystone5q@surveymonkey.com,ZNWUhm
nrosita5r,Nicky,Rosita,6018044,nrosita5r@merriam-webster.com,7MhYZmxF0
hgoodlife5s,Honoria,Goodlife,5510753,hgoodlife5s@about.com,uspx5KI6gDW5
sarthurs5t,Shelba,Arthurs,9564410,sarthurs5t@woothemes.com,9TTIuAYR7
lcrighton5u,Lotte,Crighton,9811156,lcrighton5u@epa.gov,mZgDq0
hbeentjes5v,Hillard,Beentjes,2710807,hbeentjes5v@nih.gov,ZlvSyrUT7h
acranidge5w,Anna,Cranidge,3112000,acranidge5w@cbsnews.com,0io3Z5
bdreakin5x,Bevin,Dreakin,4389063,bdreakin5x@oracle.com,Z083TaoOcU
ltewkesberry5y,Luigi,Tewkesberry,8991892,ltewkesberry5y@ucsd.edu,UF85cF
hpaffot5z,Hurleigh,Paffot,5491134,hpaffot5z@npr.org,12uZpp3bX
owherrit60,Oralee,Wherrit,1808932,owherrit60@canalblog.com,q6ZoIy99ZnPy
tbichard61,Tanner,Bichard,9312938,tbichard61@over-blog.com,OYGqPUxEuP
hmease62,Harald,Mease,8651841,hmease62@discovery.com,yzCWxQ9cbGaz
hmanntschke63,Harlan,Manntschke,5725860,hmanntschke63@addthis.com,Yenb38MrZ
ecolombier64,Elyssa,Colombier,9281106,ecolombier64@mayoclinic.com,Kjh6NGq
mkapelhof65,Margret,Kapelhof,7672133,mkapelhof65@hhs.gov,2jDqKvCSf
kbrignall66,Kimmi,Brignall,6801727,kbrignall66@cnbc.com,FSi7quI
llathleiffure67,Louisa,Lathleiffure,5488526,llathleiffure67@live.com,3KPdFwoNiSy
jbaldin68,Jehu,Baldin,9747763,jbaldin68@amazon.co.jp,8JRE5ICVuai
dscrane69,Diane-marie,Scrane,3931568,dscrane69@webs.com,GzS2gkd
smccaughan6a,Stephie,Mc Caughan,9141044,smccaughan6a@homestead.com,Q56venW
pdoerr6b,Pietrek,Doerr,1697685,pdoerr6b@chicagotribune.com,wod67dVei
aspollen6c,Alissa,Spollen,7165652,aspollen6c@360.cn,qZ6a8G2oSt4
bgabbetis6d,Bryn,Gabbetis,4881940,bgabbetis6d@wisc.edu,TbmZbrnDf
rdelafont6e,Reinwald,Delafont,5167662,rdelafont6e@csmonitor.com,seSV53JOytHm
fcondict6f,Fowler,Condict,5661812,fcondict6f@ehow.com,kDy76hySsNm
wadey6g,Wynny,Adey,1834439,wadey6g@devhub.com,jBjmTR6PM
acrawley6h,Abigael,Crawley,4772993,acrawley6h@jugem.jp,sroI2UO6Wl
mtesto6i,Madlin,Testo,2049690,mtesto6i@slashdot.org,pnGh6frSoFBm
mmahood6j,Mona,Mahood,5730525,mmahood6j@tmall.com,MiLbe5lh7
tmcgeady6k,Thorndike,McGeady,1104287,tmcgeady6k@webs.com,w2KvUE
abrear6l,Arlene,Brear,2353994,abrear6l@linkedin.com,aHNIIJwAMlY
hshoosmith6m,Howie,Shoosmith,9859511,hshoosmith6m@gizmodo.com,jg8g4pb
sceles6n,Skipton,Celes,2275360,sceles6n@xing.com,Hcas7vA3DK
rtowlson6o,Rochell,Towlson,5999550,rtowlson6o@usgs.gov,pfEIOG
dmulvin6p,Dolf,Mulvin,9799613,dmulvin6p@guardian.co.uk,3Ddq8WVbHmet
saicheson6q,Sheffie,Aicheson,5370439,saicheson6q@bbc.co.uk,RJi5v02
fmcmichell6r,Faina,McMichell,7873760,fmcmichell6r@nps.gov,s6EAWyBj
bklauber6s,Benita,Klauber,5910154,bklauber6s@vk.com,J5KYbi
elinfield6t,Eldridge,Linfield,7254597,elinfield6t@tamu.edu,EMMVwaZ4WG87
kcaplen6u,Kissiah,Caplen,6077725,kcaplen6u@livejournal.com,N311C2NwUq
lspondley6v,Louie,Spondley,7989916,lspondley6v@bluehost.com,PPZ8a5HjA
speckham6w,Stephi,Peckham,1988350,speckham6w@shutterfly.com,U3EkJ4J5v
rgrindall6x,Ricky,Grindall,3390424,rgrindall6x@hubpages.com,L0hSyAU5sk
mjendrach6y,Malissa,Jendrach,3267518,mjendrach6y@zdnet.com,ur0cTRT4Yn
tfyldes6z,Trenton,Fyldes,6020778,tfyldes6z@purevolume.com,KCd2OAA
aaggiss70,Ariel,Aggiss,8385305,aaggiss70@unicef.org,9ldlm2
mharmar71,Maribel,Harmar,1813176,mharmar71@kickstarter.com,8hHP96P7xWEa
lhebbard72,Ludvig,Hebbard,3163233,lhebbard72@bizjournals.com,iBNvNTm56
dinnot73,Debi,Innot,9852626,dinnot73@auda.org.au,RvQRYZ
jcrockford74,Josias,Crockford,7869436,jcrockford74@springer.com,hyth82B1C
eoshevlin75,Ernestus,O'Shevlin,9867495,eoshevlin75@xinhuanet.com,4v3feYP
pvedntyev76,Pinchas,Vedntyev,1456167,pvedntyev76@dropbox.com,Tgo8Oc
tfosdick77,Tallou,Fosdick,9465883,tfosdick77@tmall.com,FxWMjCl
atolliday78,Ailis,Tolliday,9575403,atolliday78@acquirethisname.com,O6FnlYbI
abaudasso79,Ailis,Baudasso,1208015,abaudasso79@reference.com,WHnr6Di
ogwilliams7a,Olwen,Gwilliams,8633357,ogwilliams7a@prweb.com,XCfUW9O
amapother7b,Addy,Mapother,7939378,amapother7b@ox.ac.uk,5qKogNkbU
bbubeer7c,Blinny,Bubeer,4677103,bbubeer7c@virginia.edu,LZ78Gm
dambrogioni7d,Dyanne,Ambrogioni,9335277,dambrogioni7d@ihg.com,Qjip7tzO93
wlumley7e,Welsh,Lumley,7340254,wlumley7e@cocolog-nifty.com,kPsOJ0cgsCv
bbottjer7f,Bel,Bottjer,7874564,bbottjer7f@aboutads.info,IECI4AEc4Z
nfurber7g,Novelia,Furber,7539109,nfurber7g@weebly.com,E4upgVpUZUtV
lsargint7h,Lotte,Sargint,4724204,lsargint7h@google.com.br,6fh1krhLZ
rpickworth7i,Rosene,Pickworth,6464887,rpickworth7i@hostgator.com,ObmaIXn4F
mflude7j,Mozelle,Flude,2573931,mflude7j@disqus.com,gaJPBw6O
scockrill7k,Spenser,Cockrill,8566495,scockrill7k@businessinsider.com,K04kQb
nskurm7l,Noel,Skurm,3358761,nskurm7l@imdb.com,hI8c2S
zstonehewer7m,Zandra,Stonehewer,6455444,zstonehewer7m@facebook.com,eUR7lpl
teaklee7n,Trish,Eaklee,2723908,teaklee7n@vkontakte.ru,rxjvt4
jringrose7o,Jeanine,Ringrose,3473996,jringrose7o@so-net.ne.jp,OuM4d9i5S
rmackness7p,Ragnar,Mackness,6293307,rmackness7p@unesco.org,rOrk4T
mpoltone7q,Marketa,Poltone,9945075,mpoltone7q@shutterfly.com,lmn4CbXBZP
khilhouse7r,Kate,Hilhouse,8899226,khilhouse7r@deliciousdays.com,K7vnS53V8
arushe7s,Ashley,Rushe,4094076,arushe7s@tinyurl.com,T7ZFgxt4z
vantonijevic7t,Vere,Antonijevic,4946455,vantonijevic7t@newsvine.com,1mILccv0yV
kaudsley7u,Kaile,Audsley,2979114,kaudsley7u@imgur.com,AEiMnMBQ
ccantrell7v,Coralyn,Cantrell,4542600,ccantrell7v@businesswire.com,AWPlV4jTNd
scornwall7w,Sim,Cornwall,5050697,scornwall7w@geocities.com,9ISXKiP2
eveasey7x,Eugine,Veasey,8795626,eveasey7x@jiathis.com,wxYt08P9
kdearlove7y,Klarrisa,Dearlove,9271364,kdearlove7y@symantec.com,LRaWcZHo
kbignal7z,Kevon,Bignal,9386495,kbignal7z@cisco.com,CnVreuZSaYK
eswigg80,Emmalyn,Swigg,4052825,eswigg80@wordpress.org,6cidkPSPNrE1
nhollier81,Nicolea,Hollier,6098604,nhollier81@craigslist.org,tunEwqOc4
nfrederick82,Niki,Frederick,2426306,nfrederick82@dailymail.co.uk,eL7rw0D6Z
bbarniss83,Binny,Barniss,9255642,bbarniss83@tamu.edu,PUHpY2
btraviss84,Bing,Traviss,2574560,btraviss84@nature.com,lR8Cd30wi
khathwood85,Karlotta,Hathwood,5829918,khathwood85@netlog.com,nQh9laq9ep
fcancelier86,Frayda,Cancelier,3893154,fcancelier86@desdev.cn,g4lkkYFpVy
jcapron87,Jewelle,Capron,8587211,jcapron87@wordpress.com,4yDsKk
ccostelow88,Cash,Costelow,5616428,ccostelow88@sbwire.com,muwalrDE9XIZ
pdavidowsky89,Peta,Davidowsky,4135929,pdavidowsky89@time.com,BEYYAREMeB1
afreke8a,Alwyn,Freke,9122258,afreke8a@google.pl,kJfqEZ0D
abillows8b,Ami,Billows,8899118,abillows8b@microsoft.com,MU2M6ms
ngallally8c,Nikos,Gallally,5471198,ngallally8c@studiopress.com,g73IE3NIp
abeves8d,Ado,Beves,5132192,abeves8d@chron.com,DDohRTDYn
ablaksley8e,Aldous,Blaksley,3566433,ablaksley8e@army.mil,Qy7AECaFO2
xsettle8f,Ximenez,Settle,7655058,xsettle8f@issuu.com,KE2pJsHgv
acostard8g,Alfreda,Costard,1117573,acostard8g@ifeng.com,TH9ksnIV
nrays8h,Nertie,Rays,7734632,nrays8h@google.com,4Hglr8AC9z7
stooley8i,Skippie,Tooley,8161859,stooley8i@msu.edu,EPIvN4uhkq
kpauler8j,Kendre,Pauler,9640596,kpauler8j@hhs.gov,6E3Np14
rboken8k,Reuben,Boken,2458455,rboken8k@forbes.com,xWijMbNc4Aj
fquenby8l,Friedrich,Quenby,1537065,fquenby8l@arstechnica.com,KKswnp
hzaniolo8m,Harland,Zaniolo,1841692,hzaniolo8m@deviantart.com,fiTJMrB
djarvie8n,Diann,Jarvie,4194792,djarvie8n@google.cn,zSO2i7UJr1
nfudger8o,Neilla,Fudger,2340501,nfudger8o@istockphoto.com,1tQWCvOx3qzb
ihaskett8p,Ignace,Haskett,8557580,ihaskett8p@pcworld.com,ThKVSBkh5h
pfawks8q,Pieter,Fawks,1650394,pfawks8q@economist.com,D8dewownAEQr
kschubuser8r,Ketti,Schubuser,3289545,kschubuser8r@imgur.com,CSJuvchaV
jdelle8s,Jehu,Delle,2113240,jdelle8s@japanpost.jp,4ISl4ZKmeH
tjoron8t,Timmi,Joron,4696662,tjoron8t@arizona.edu,kV5023qkt4
lkhidr8u,Lurleen,Khidr,4208462,lkhidr8u@geocities.com,cCHKmzL6
msharrocks8v,Malynda,Sharrocks,7866808,msharrocks8v@meetup.com,hFNrQeDy
cseebright8w,Claire,Seebright,9956654,cseebright8w@mac.com,cCnjvdl3FFf3
fibbs8x,Fielding,Ibbs,3229793,fibbs8x@facebook.com,35N962rXj0N
nmccorrie8y,Noelyn,McCorrie,1625695,nmccorrie8y@rakuten.co.jp,jTQNaKq
dgalland8z,Deina,Galland,2314877,dgalland8z@nbcnews.com,gaCjSjl5RDZa
tshakeshaft90,Timmie,Shakeshaft,8084287,tshakeshaft90@prnewswire.com,3iATMErldv
cdunkerk91,Courtnay,Dunkerk,5292485,cdunkerk91@tripod.com,rUxp1VClbQN
dtravers92,Dianne,Travers,3870442,dtravers92@mashable.com,pN6dMVs
ajenks93,Aguste,Jenks,2251258,ajenks93@zdnet.com,1kVXThzXbbv
esheridan94,Eda,Sheridan,8124618,esheridan94@netvibes.com,6fa7fYl
eoliverpaull95,Ester,Oliver-Paull,5258260,eoliverpaull95@ning.com,IlMN01gvuGv
fgouldeby96,Fleurette,Gouldeby,5667060,fgouldeby96@icq.com,rWFIcU
mverrill97,Mikol,Verrill,1954923,mverrill97@webs.com,POPPLKNpoR
squilkin98,Scarface,Quilkin,2460532,squilkin98@hugedomains.com,hHpA7E
mstolworthy99,Melina,Stolworthy,5575739,mstolworthy99@youtu.be,a6yEn9q3QSvE
kdeackes9a,Kitty,Deackes,8276331,kdeackes9a@reverbnation.com,3lxfaY5C
cscarsbrick9b,Cassie,Scarsbrick,6693722,cscarsbrick9b@people.com.cn,SaFPhoKTxw
ranstiss9c,Ronda,Anstiss,3605242,ranstiss9c@vinaora.com,f5wZTouxF
fmehmet9d,Fonz,Mehmet,4365760,fmehmet9d@ucsd.edu,jnsUmpps6RhK
valflatt9e,Valentia,Alflatt,4003284,valflatt9e@umn.edu,4ULPJ76Nr
rcarman9f,Rikki,Carman,4762923,rcarman9f@reference.com,7sQkPjB1k
sragdale9g,Sayers,Ragdale,8102520,sragdale9g@who.int,936HYMJy8oII
ahelling9h,Amil,Helling,5150062,ahelling9h@goo.gl,cXYCNj
cokenden9i,Celestine,Okenden,3878079,cokenden9i@whitehouse.gov,4PtE08r
aorneles9j,Audrie,Orneles,1786740,aorneles9j@bloomberg.com,0HDk51J
lbalmforth9k,Lusa,Balmforth,5305771,lbalmforth9k@elpais.com,LzDlAVT
rstrelitz9l,Roberta,Strelitz,1967752,rstrelitz9l@fc2.com,4BzhhFTaFoIN
efyfield9m,Em,Fyfield,4591749,efyfield9m@rediff.com,zR12tjM
bmatskiv9n,Barbaraanne,Matskiv,8417862,bmatskiv9n@pbs.org,wt6BK169YQ
lettels9o,Leonora,Ettels,8886133,lettels9o@so-net.ne.jp,T7lOBaK5P
btolman9p,Baily,Tolman,7232381,btolman9p@miitbeian.gov.cn,IGLkb6KDv
bviggars9q,Bev,Viggars,5675859,bviggars9q@va.gov,IdEp0o
sgossart9r,Sarina,Gossart,3866613,sgossart9r@elegantthemes.com,FH7SWF
hgeorgeot9s,Hugues,Georgeot,6954916,hgeorgeot9s@illinois.edu,Zy7FmFF
lbeams9t,Liam,Beams,8796859,lbeams9t@geocities.jp,nwXtIfcSq
bjepson9u,Banky,Jepson,7313205,bjepson9u@pinterest.com,MTYFVYMy
mbrockton9v,Mala,Brockton,3509462,mbrockton9v@alibaba.com,wVNKx0BH
jrusted9w,Joane,Rusted,9193732,jrusted9w@github.com,upY6OQEn
fschiementz9x,Free,Schiementz,7155578,fschiementz9x@irs.gov,Z96T505ZUVnT
kphair9y,Kurt,Phair,6579664,kphair9y@economist.com,27tnUSX5K9U
cscanderet9z,Casi,Scanderet,8871946,cscanderet9z@addtoany.com,DaxNPffI
astandishbrooksa0,Arnie,Standish-Brooks,4638726,astandishbrooksa0@washington.edu,yqHJuM15m
adallisona1,Amalee,Dallison,2425546,adallisona1@barnesandnoble.com,yarM5RoH
lbothrama2,Lorry,Bothram,2611454,lbothrama2@alibaba.com,NhWQPZt
ebarucha3,Ewart,Baruch,2828170,ebarucha3@phpbb.com,CDUuQL
vbloodworthea4,Verna,Bloodworthe,3732299,vbloodworthea4@whitehouse.gov,5izmTtx
emadgina5,Elton,Madgin,8435489,emadgina5@homestead.com,fcg1SvYxeq
ddescroixa6,Dirk,Descroix,9980277,ddescroixa6@t.co,knGvvyZN41
lpickerina7,Levin,Pickerin,4746049,lpickerina7@themeforest.net,FbH7tYGQfsW
tmcaviya8,Trudy,McAviy,6719425,tmcaviya8@usnews.com,JLl9Oq82Yk
mleimstera9,Malissia,Leimster,8826503,mleimstera9@cdbaby.com,2h5UtIw
rgoodredgeaa,Rubie,Goodredge,7755812,rgoodredgeaa@studiopress.com,sKE9Swz6F
ehankardab,Ely,Hankard,6664768,ehankardab@yelp.com,jTcDhXEw
hferryac,Hinze,Ferry,9527083,hferryac@epa.gov,Mql6zlLLs3X6
hchampneysad,Hasheem,Champneys,5186069,hchampneysad@pinterest.com,AWo8AU3ZPHPx
ocountae,Ody,Count,9580000,ocountae@microsoft.com,3BDcQ3fpUa
gobrallaghanaf,Gamaliel,O'Brallaghan,9259617,gobrallaghanaf@1und1.de,LcGGhK
bculyag,Bennie,Culy,2414453,bculyag@a8.net,g07aLm3Vy
mkeilingah,Marlee,Keiling,6272993,mkeilingah@shop-pro.jp,TpOYke5PX
wmcfetrichai,Wendall,McFetrich,8366606,wmcfetrichai@t.co,gLHebsfydX
rpadgintonaj,Ralf,Padginton,7891862,rpadgintonaj@twitpic.com,Y2cU2DhRNZM
cduffillak,Clem,Duffill,1974088,cduffillak@cpanel.net,97lgE4tydQ
wbeathemal,Waylin,Beathem,1661376,wbeathemal@ox.ac.uk,rgTVJiWYyZ8
goliddyam,Goldie,O' Liddy,3829552,goliddyam@netscape.com,nwYeNgwGIQ8E
gwhartonbyan,Geraldine,Whartonby,3274236,gwhartonbyan@t-online.de,JT0PZBO
lspaducciao,Livvy,Spaducci,3253289,lspaducciao@cocolog-nifty.com,g71TEgU0ss
mgiblinap,Megan,Giblin,8233700,mgiblinap@dyndns.org,GSo4VTCMuIfB
oantonomoliaq,Otto,Antonomoli,3188914,oantonomoliaq@japanpost.jp,JhGxxaXlB0
jdietmarar,Jeramie,Dietmar,6661905,jdietmarar@independent.co.uk,5VSjAsn9Q6
kbrettelas,Kasey,Brettel,9930418,kbrettelas@yandex.ru,SzP73LbBNn
rmeinsat,Rudd,Meins,5384705,rmeinsat@xing.com,GsGlvVuR
swiddocksau,Samara,Widdocks,3957106,swiddocksau@archive.org,bpNs6mr
dcalverleyav,Debi,Calverley,9230720,dcalverleyav@ifeng.com,uOZleuO3Y
mskeemeraw,Mariel,Skeemer,1224055,mskeemeraw@cafepress.com,m5btsnNOtAG6
tquayleax,Troy,Quayle,4170046,tquayleax@t-online.de,mV0avyeXkG
isloraay,Iver,Slora,1715042,isloraay@businesswire.com,MmtIMAn0Os
segleaz,Sharona,Egle,8259755,segleaz@histats.com,gMi28DSqX
kcarvilleb0,Kenn,Carville,1923999,kcarvilleb0@yandex.ru,JQpWCS
gcailloub1,Gery,Caillou,5852773,gcailloub1@scientificamerican.com,njLqoiulV
ttrowb2,Trudey,Trow,8195860,ttrowb2@eventbrite.com,MB1XVcp3B
kballstonb3,Kayne,Ballston,7742210,kballstonb3@artisteer.com,QWXkkfgKUJw
soliphardb4,Selena,Oliphard,9289571,soliphardb4@europa.eu,5ZbCBj
acornhillb5,Anneliese,cornhill,1144707,acornhillb5@youtube.com,be30n0OCuglw
vmcmurtyb6,Valerie,McMurty,8335217,vmcmurtyb6@hibu.com,gJ5wIzdZZ
bericssonb7,Blakeley,Ericsson,4787179,bericssonb7@seattletimes.com,1wCl5R
cdollmanb8,Chucho,Dollman,1928202,cdollmanb8@twitpic.com,YXurRwAd
mpaulitschkeb9,Maggi,Paulitschke,2459447,mpaulitschkeb9@github.io,LQg8UDL2DjP
brodliffba,Bobbi,Rodliff,7339043,brodliffba@tamu.edu,qIr1e9qfS
aconstanzabb,Alexi,Constanza,5572231,aconstanzabb@google.com.hk,DvsOa2V
lmccowanbc,Lita,McCowan,1806867,lmccowanbc@amazonaws.com,eaDN5sa
krizzardinibd,Kristin,Rizzardini,4087057,krizzardinibd@homestead.com,6YyqOd5Kga
awaleworkebe,Alphard,Waleworke,6535597,awaleworkebe@archive.org,EKPjr4sNlO
kraynardbf,Karoline,Raynard,7128165,kraynardbf@mac.com,0xd0HyYowFU
dpennellbg,Deni,Pennell,4028256,dpennellbg@wikia.com,4vGedRE6l
nsnellerbh,Nikolaus,Sneller,1552508,nsnellerbh@mapquest.com,kiNnAerSi
edumbarebi,Ellene,Dumbare,6899517,edumbarebi@china.com.cn,n2tpqtYKB9F
dkemingbj,Devondra,Keming,5453349,dkemingbj@360.cn,zxPdpkobXGYZ
nstylebk,Nevil,Style,8021141,nstylebk@shutterfly.com,hsfISsc6I
fgowardbl,Foster,Goward,2953384,fgowardbl@goodreads.com,CwivwL
rsodorybm,Robinett,Sodory,7746783,rsodorybm@pinterest.com,yIerx8gnwqJG
oallnattbn,Odille,Allnatt,7394436,oallnattbn@drupal.org,55bFmy5u
rburbidgebo,Rhetta,Burbidge,9794008,rburbidgebo@studiopress.com,NcoQU8QBvVT
tmargettbp,Tiphani,Margett,6053950,tmargettbp@scribd.com,gHNftAX4
lsarebq,Leoine,Sare,1083591,lsarebq@alibaba.com,W0bsh3zu5WDv
ahiblingbr,Armin,Hibling,8614713,ahiblingbr@buzzfeed.com,w7FTYSuaj
rfritchebs,Raymund,Fritche,9224445,rfritchebs@wisc.edu,15GGhdLcVcJA
rstickleybt,Renae,Stickley,9825813,rstickleybt@meetup.com,89FDIKA5nyQJ
bkellewaybu,Barbi,Kelleway,8983678,bkellewaybu@earthlink.net,03lzMm6qPOav
dfihellybv,Dierdre,Fihelly,4501330,dfihellybv@naver.com,FGmtRES
kastlebw,Koressa,Astle,5910470,kastlebw@nsw.gov.au,CoUCY4i
jstorahbx,Joice,Storah,7212766,jstorahbx@china.com.cn,2EYhLJu
bwayonby,Bertrand,Wayon,3600885,bwayonby@flavors.me,azm5ksbFnzHu
rscrauniagebz,Rorie,Scrauniage,6793985,rscrauniagebz@flickr.com,5Pxno1Eg6qD
sromerac0,Simmonds,Romera,2122303,sromerac0@newsvine.com,6lageYbQIm
frendbaekc1,Fredelia,Rendbaek,5567886,frendbaekc1@shinystat.com,KvAcoq5Wpme
vconyersc2,Viviene,Conyers,8846001,vconyersc2@sun.com,3NHGE8Qv2o
zchazelasc3,Zed,Chazelas,5799165,zchazelasc3@un.org,rlpVYYk7I
dpenningtonc4,Delcina,Pennington,2052002,dpenningtonc4@dot.gov,6If1vr
hbellinghamc5,Hardy,Bellingham,8380234,hbellinghamc5@yandex.ru,ZCaYMcmw
bnormavillc6,Belita,Normavill,6472276,bnormavillc6@slideshare.net,ZTOgUovxXet
ffiddymentc7,Fraser,Fiddyment,1228041,ffiddymentc7@prnewswire.com,YUZ72AzxPwI1
pbrieretonc8,Patrizio,Briereton,7395610,pbrieretonc8@wikimedia.org,dnIm4unkYj
lmckuec9,Lela,McKue,8219741,lmckuec9@123-reg.co.uk,IlPzqU0N
kgibbca,Kalli,Gibb,9549466,kgibbca@constantcontact.com,6prJ5JytTn
tzupacb,Thorin,Zupa,6725302,tzupacb@admin.ch,H5BJYxAOlOxR
mconewcc,Mureil,Conew,5477245,mconewcc@ustream.tv,QZ3TSn
rolesencd,Reginauld,Olesen,4650508,rolesencd@networksolutions.com,HIxEkJoYD7t
lgasconece,Lucilia,Gascone,5796135,lgasconece@statcounter.com,NeCXaa5
egilbanecf,Ernestine,Gilbane,5956391,egilbanecf@phoca.cz,1jZBem
fcrawshawcg,Franklyn,Crawshaw,1469937,fcrawshawcg@comsenz.com,yVLgXFObZTX
wsimpsonch,Wynn,Simpson,8414850,wsimpsonch@amazonaws.com,HTKv1F7BGrBq
kgoslingci,Korella,Gosling,6323181,kgoslingci@tripadvisor.com,cnPMA6P67l
olannincj,Oona,Lannin,6155780,olannincj@slate.com,LhNHH7XI
kparleyck,Kort,Parley,8991460,kparleyck@godaddy.com,k8SkKL
jleguaycl,Joyce,Leguay,1664082,jleguaycl@unc.edu,vfikf6Jdd
rparellcm,Renie,Parell,5184491,rparellcm@senate.gov,H1G1tuK
vmaciociacn,Violette,Maciocia,2314155,vmaciociacn@usgs.gov,HCt13wpQKIF
gchessillco,Godiva,Chessill,5473738,gchessillco@cisco.com,tZYFf0
rbatoncp,Raff,Baton,3718967,rbatoncp@sourceforge.net,FrCELS2e
rscahillcq,Romain,Scahill,2351759,rscahillcq@uiuc.edu,H1raCXs7
ebarreaucr,Emanuel,Barreau,9183825,ebarreaucr@cdc.gov,Sv2rVY
oionscs,Ondrea,Ions,2298979,oionscs@163.com,OccLlf
wbleasect,Winni,Blease,3441850,wbleasect@census.gov,ZGB39Fp
iplayfootcu,Inness,Playfoot,2176297,iplayfootcu@mayoclinic.com,UrFiWIof1A
ctrewhellacv,Carleen,Trewhella,1115445,ctrewhellacv@sogou.com,be18mOJsfK
zeakleecw,Zuzana,Eaklee,2598844,zeakleecw@un.org,KKTDbX7lM
ckillorancx,Cirillo,Killoran,1240014,ckillorancx@freewebs.com,hqdkRCNEX
wburfittcy,Wilie,Burfitt,5313874,wburfittcy@deliciousdays.com,Ne8ZrhR
aanderlcz,Angelia,Anderl,2281891,aanderlcz@cbc.ca,akQFjlMPk
bfarquard0,Basilio,Farquar,4671512,bfarquard0@godaddy.com,ISWMCRxU5D8y
ckezard1,Camille,Kezar,3259383,ckezard1@constantcontact.com,slg4VCj7Peq
isollond2,Ichabod,Sollon,3530938,isollond2@wikia.com,z1aIajF3Gvl
fbuistd3,Forster,Buist,2368512,fbuistd3@paginegialle.it,q0rKlRhlAD2d
lfrippsd4,Lowrance,Fripps,3184250,lfrippsd4@nasa.gov,3001uD0cLT
sdowthwaited5,Sigvard,Dowthwaite,1563867,sdowthwaited5@taobao.com,TXXm4MjFg
bcadled6,Burlie,Cadle,8644706,bcadled6@businesswire.com,neBSVPDat
dmalatalantd7,Dunstan,Malatalant,9371969,dmalatalantd7@rediff.com,d5V3DRR85Ptz
nbenfelld8,Nil,Benfell,3599357,nbenfelld8@bloglines.com,7xejcQx7wG
dcellad9,Daffy,Cella,6563632,dcellad9@xrea.com,kbWtY9Lb6AL5
adunridgeda,Ange,Dunridge,7890886,adunridgeda@springer.com,6GJHtkxZ
gfynndb,Giraldo,Fynn,7816774,gfynndb@illinois.edu,Y6ga4oEP5H
esabbendc,Ellswerth,Sabben,3264533,esabbendc@princeton.edu,12kJVi0LVe
kbisphamdd,Kordula,Bispham,7086110,kbisphamdd@apache.org,wcrABzhp
blynnittde,Booth,Lynnitt,2842190,blynnittde@nasa.gov,I2AZUTp1q
cgianullidf,Charla,Gianulli,8341497,cgianullidf@statcounter.com,3oKrEV7ih
blampsdg,Bliss,Lamps,5264940,blampsdg@samsung.com,M6Uy7rzTxmP
ndudderidgedh,Nathanial,Dudderidge,1338279,ndudderidgedh@patch.com,HgTMUnD1o
tshoebrookdi,Tish,Shoebrook,7562920,tshoebrookdi@howstuffworks.com,ZvyWah
cspeeredj,Carmelle,Speere,3971591,cspeeredj@hhs.gov,XW5Qdm7Mg9Qt
ldurkindk,Leigh,Durkin,2863047,ldurkindk@prnewswire.com,JHQL7ypJ
bmcinnerydl,Bone,McInnery,5804005,bmcinnerydl@nytimes.com,UN3HJjG6GfwF
cwilflingdm,Cassey,Wilfling,3673006,cwilflingdm@yahoo.co.jp,eapCXd
mnorthedgedn,Maren,Northedge,6609015,mnorthedgedn@shareasale.com,8oknAny9
pbriondo,Pattie,Brion,6351032,pbriondo@prnewswire.com,crjeVj
esouttardp,Erin,Souttar,3518002,esouttardp@unicef.org,cpG2jG
ltoplingdq,Lory,Topling,6045310,ltoplingdq@desdev.cn,IfYWDy
kfinlandr,Kellsie,Finlan,1360365,kfinlandr@networksolutions.com,FbvNnF
icroshawds,Ives,Croshaw,9189009,icroshawds@slate.com,vD7YlXot2VO
bmatusevichdt,Bradney,Matusevich,2598201,bmatusevichdt@homestead.com,I4Fxlv
kjulianodu,Katharina,Juliano,6061878,kjulianodu@ustream.tv,PUaoQm
abusfielddv,Ara,Busfield,3222638,abusfielddv@weibo.com,qbxsh5
afrancescdw,Ariella,Francesc,8187972,afrancescdw@nymag.com,6FRvbcKAInnW
fkensetdx,Florence,Kenset,6856605,fkensetdx@exblog.jp,3VVgZcNmb
ebooldy,Elliott,Bool,4352437,ebooldy@latimes.com,qU5mIb032UB
xyukhindz,Ximenes,Yukhin,2311053,xyukhindz@newsvine.com,sjHjzqOE8B
vrosenshinee0,Verine,Rosenshine,7599625,vrosenshinee0@mlb.com,C7GNjS
smcfadee1,Sheffield,McFade,6156484,smcfadee1@upenn.edu,nB6iGvV6xEE1
jfachere2,Joela,Facher,5188611,jfachere2@youtu.be,WeIvGzyB0W
jpetrelloe3,Joella,Petrello,7220222,jpetrelloe3@mysql.com,VY8PSMRrZ
mharberte4,Myrah,Harbert,5151803,mharberte4@ted.com,yNR7sWpLCAuv
aokenfolde5,Abrahan,Okenfold,9766002,aokenfolde5@mlb.com,tihqlWSIo
amcclymonte6,Aloysius,McClymont,5560072,amcclymonte6@linkedin.com,FS3JHl3xFZAz
takistere7,Tull,Akister,2320028,takistere7@google.fr,rR7Xd8U8
edobsone8,Ezequiel,Dobson,9571323,edobsone8@xing.com,ZcyMZBGgF0E
rgepsone9,Roi,Gepson,1507453,rgepsone9@google.es,STc2oeBLg4Dg
wmacfieea,Warde,MacFie,4466629,wmacfieea@google.cn,7IC3o1
ccrothereb,Courtney,Crother,2995106,ccrothereb@google.de,JNLlhmdGec
fperrelliec,Feliks,Perrelli,3151108,fperrelliec@yellowpages.com,1HtUtZhx
nallnered,Nannette,Allner,3498465,nallnered@google.co.uk,3bPXRbEUe1
btalbyee,Biddie,Talby,1982692,btalbyee@digg.com,Yfg765H8q
channabyef,Cally,Hannaby,7691325,channabyef@bloglines.com,5Q1LoOXgV
sgiloglyeg,Sammy,Gilogly,6487561,sgiloglyeg@hubpages.com,12cwNAuF
mcornewelleh,Malia,Cornewell,5583845,mcornewelleh@taobao.com,yx0AQKYrkpOT
tleadei,Tudor,Lead,1105242,tleadei@rediff.com,6rH6n2
pholmyardej,Philomena,Holmyard,1261349,pholmyardej@last.fm,yLwAD62e
dspancockek,Denys,Spancock,1405245,dspancockek@pen.io,jZevVUxCy8
pmaccrawel,Pierce,Maccraw,8142330,pmaccrawel@people.com.cn,FwZx45PDVtTr
bbewickem,Bartolemo,Bewick,2722819,bbewickem@fda.gov,B94uo4YVD
tshambrokeen,Tracee,Shambroke,8428994,tshambrokeen@accuweather.com,xwQ0IxN
mcastielloeo,Myca,Castiello,6574980,mcastielloeo@go.com,qBbFWRpVvF
celloyep,Catlee,Elloy,5635204,celloyep@blogger.com,sMpoExivhQ
rliccardoeq,Rebeca,Liccardo,7679152,rliccardoeq@canalblog.com,B8t53FRsKff
dmccaughraner,Dominga,McCaughran,9986686,dmccaughraner@fotki.com,sTm9Mnaj
mcoushees,Mireielle,Coushe,8623460,mcoushees@rakuten.co.jp,6qqvqx
awhitelandet,Agustin,Whiteland,3584356,awhitelandet@xinhuanet.com,0cAPoQ356o
cshiltoneu,Chase,Shilton,6132107,cshiltoneu@addthis.com,Vv5sWLEJ2zu7
jmarsonev,Jillayne,Marson,7020071,jmarsonev@fema.gov,nPY8e6
msabbatierew,Matt,Sabbatier,8602786,msabbatierew@fda.gov,w3Pf1XJHs
dcorzorex,Dorise,Corzor,6053847,dcorzorex@youku.com,12tCxdjbR8I
plidgleyey,Phil,Lidgley,9159812,plidgleyey@msn.com,QFyKM5L
clikelyez,Casi,Likely,3012625,clikelyez@admin.ch,EqsKcl
cskirvinf0,Catherina,Skirvin,4318689,cskirvinf0@moonfruit.com,KqSFM68WMtO
ujoinceyf1,Ulrich,Joincey,3677273,ujoinceyf1@issuu.com,LVvyqpsXe
lbushelf2,Lesley,Bushel,2359801,lbushelf2@exblog.jp,7u2vwrIB
aboolef3,Arty,Boole,6099299,aboolef3@paypal.com,myN0F4yJXm
mcelezf4,Melisse,Celez,3818799,mcelezf4@xrea.com,n8BHdLCGC
acardoef5,Aimil,Cardoe,1315729,acardoef5@theglobeandmail.com,WxwNhvRSvz
kallnerf6,Kirbie,Allner,1320739,kallnerf6@csmonitor.com,EAVm8sZ
plaudhamf7,Pietrek,Laudham,5621251,plaudhamf7@spiegel.de,bvhroH2UI
tainleyf8,Tanhya,Ainley,9126937,tainleyf8@reverbnation.com,ZjHu6OuDp
solufsenf9,Scot,Olufsen,3120660,solufsenf9@stanford.edu,h2IYohlh4S4F
cbondyfa,Constantina,Bondy,4734105,cbondyfa@hc360.com,Ybxvtmje
gcowxfb,Greta,Cowx,4239777,gcowxfb@skype.com,vbrvHZS0
brubinowfc,Brian,Rubinow,7471086,brubinowfc@webs.com,E2KylzVIq
tormanfd,Tyrone,Orman,9302317,tormanfd@alexa.com,Bp8j0rKA
roatsfe,Rosanna,Oats,3289089,roatsfe@baidu.com,AgjB2pSkjQr
bbulloughff,Bessy,Bullough,6658160,bbulloughff@geocities.jp,6hHMiIhmx5A
jmapletoftfg,Joyce,Mapletoft,8215758,jmapletoftfg@china.com.cn,9PfBq3W
eondrafh,Efren,Ondra,9216488,eondrafh@marriott.com,KrQf3g5TDc
egossagefi,Ervin,Gossage,6989363,egossagefi@t-online.de,6CideM
nburnardfj,Neill,Burnard,7754769,nburnardfj@marketwatch.com,WuSDxjExBhd
omeecherfk,Ozzy,Meecher,5815577,omeecherfk@miitbeian.gov.cn,4ZeUusheuKB
lshoremanfl,Lilla,Shoreman,5951306,lshoremanfl@blogspot.com,XeZrKdxF
rjenckenfm,Rici,Jencken,4011919,rjenckenfm@bigcartel.com,Gzbqmxg
eboldenfn,Eddie,Bolden,1490571,eboldenfn@flavors.me,GJFnmm1go
rlyokhinfo,Rosalia,Lyokhin,6669786,rlyokhinfo@constantcontact.com,Hiu8KvaAiam6
lheckneyfp,Leisha,Heckney,3548504,lheckneyfp@hibu.com,LCPBxa7
hschenfischfq,Harriette,Schenfisch,1303800,hschenfischfq@fastcompany.com,wXbjYdJ
sreimsfr,Sarene,Reims,3060671,sreimsfr@addthis.com,UJi7T56vfS
tcowellfs,Tony,Cowell,4882803,tcowellfs@spotify.com,E7BD9J
evasselft,Evelyn,Vassel,4300864,evasselft@jiathis.com,Ctk4wvZsCh
thendenfu,Tomasina,Henden,7556233,thendenfu@fc2.com,UXMp3XNQUyUt
onoonfv,Ollie,Noon,3124019,onoonfv@posterous.com,nhO8hvY
taspelfw,Torrie,Aspel,1021441,taspelfw@seesaa.net,1jXXv1scZyNy
ldankersleyfx,Lew,Dankersley,6656410,ldankersleyfx@alexa.com,BFbLWkFoRK
alukesfy,Allys,Lukes,8471134,alukesfy@boston.com,DesjUjSLS
tgrimblebyfz,Tine,Grimbleby,5491463,tgrimblebyfz@yellowpages.com,lPjMpa
csantusg0,Carlyn,Santus,3825982,csantusg0@wordpress.org,viCkDEX2
aarnaudig1,Andrej,Arnaudi,3999294,aarnaudig1@cnet.com,jyJF6KeY
galpineg2,Giffie,Alpine,1045917,galpineg2@opensource.org,nOd4PGY
pnairyg3,Porty,Nairy,7198924,pnairyg3@wsj.com,BvSZBxf6vfz
mbrombellg4,Mommy,Brombell,3484590,mbrombellg4@wordpress.org,j7Y7Qs
kbottlesong5,Kennith,Bottleson,7196429,kbottlesong5@patch.com,QTaR7IcrPYg
gpontingg6,Gerti,Ponting,3540722,gpontingg6@cdbaby.com,EJyOyn
fcordaroyg7,Filide,Cordaroy,5608628,fcordaroyg7@squidoo.com,EpI6i6Az6oZr
tgawkesg8,Teri,Gawkes,6421077,tgawkesg8@wikipedia.org,d0n6spjGV
ffitzjohng9,Filippo,Fitzjohn,4162816,ffitzjohng9@noaa.gov,IgI8Vt
bspaughtonga,Barny,Spaughton,3456250,bspaughtonga@netvibes.com,gmulXjdohd
rduhamgb,Reinhold,Duham,9305820,rduhamgb@icio.us,ca2f8DG
bjacombgc,Betta,Jacomb,2418128,bjacombgc@alibaba.com,XQcugYUTX
cmiddleweekgd,Christian,Middleweek,6593520,cmiddleweekgd@yelp.com,oi3toQ2g5
cgattyge,Chelsae,Gatty,2367581,cgattyge@tiny.cc,rmga4WupRv
bgeeregf,Boigie,Geere,4350071,bgeeregf@gmpg.org,V6GOQCskP
dstaffgg,Dorene,Staff,8048711,dstaffgg@csmonitor.com,sK61ED
glockyeargh,Gabrila,Lockyear,3378598,glockyeargh@paginegialle.it,3YFdXsQwYG
kmilleygi,Kalindi,Milley,1743040,kmilleygi@rediff.com,ajVjCE3K
jjoostgj,Julianne,Joost,4766688,jjoostgj@typepad.com,TBIvrkSAdy
graecroftgk,Gustavo,Raecroft,8357095,graecroftgk@cdbaby.com,INJHXHlj
bcastrillogl,Basia,Castrillo,8524380,bcastrillogl@so-net.ne.jp,xiQinoZy
amartinotgm,Aldous,Martinot,8220379,amartinotgm@deviantart.com,JQ4IG9B0c
eewengn,Ennis,Ewen,4316212,eewengn@example.com,vtCNlaVj5Fl
cmccarrollgo,Clara,Mc Carroll,2073969,cmccarrollgo@jugem.jp,XEPTN0
cduddangp,Carmel,Duddan,9509081,cduddangp@barnesandnoble.com,Ope247uDiZ
obrackenridgegq,Olympe,Brackenridge,5788343,obrackenridgegq@163.com,6mOnWHcn661
lgowardgr,Lyell,Goward,6653391,lgowardgr@google.fr,VbCNqkQqi7s
sdanilowiczgs,Salaidh,Danilowicz,7927404,sdanilowiczgs@state.tx.us,0zJCTseO
gchantreegt,Gavrielle,Chantree,9257141,gchantreegt@yellowbook.com,Z3ZC47XB
vswiffingu,Vitoria,Swiffin,4686728,vswiffingu@google.pl,q0D8Q3jGK
tsimakgv,Tessie,Simak,8091697,tsimakgv@blinklist.com,FlL7Q76v5A7
barthursgw,Beryl,Arthurs,6549941,barthursgw@ed.gov,YZokXk
sstobogx,Sallyanne,Stobo,6065003,sstobogx@bing.com,llgIUim6
nspoorsgy,Norrie,Spoors,7627474,nspoorsgy@360.cn,irn1x7coexs2
abeyngz,Anni,Beyn,7892763,abeyngz@squarespace.com,3OeX6puB4
ccavilleh0,Corabel,Caville,5252619,ccavilleh0@istockphoto.com,72QdWPAp4X
bbenardetteh1,Britney,Benardette,6150681,bbenardetteh1@privacy.gov.au,2Md8X6
cwaith2,Cam,Wait,3170073,cwaith2@marriott.com,buDMj60v
wdaelmanh3,Wendell,Daelman,2366172,wdaelmanh3@1und1.de,HHmculxE
twastieh4,Tanny,Wastie,7177919,twastieh4@pen.io,zyR0CHP6pO87
amokesh5,Adolphe,Mokes,4668564,amokesh5@vinaora.com,sQ6z2kUfNlV
rparemanh6,Rodie,Pareman,1328706,rparemanh6@nsw.gov.au,rDp7hnNPYB
asummerfieldh7,Ari,Summerfield,1178737,asummerfieldh7@bbb.org,bnwowldgJgz
ecamingsh8,Erda,Camings,2593917,ecamingsh8@tripod.com,CVdcPwmE
efaulderh9,Errick,Faulder,3098513,efaulderh9@chronoengine.com,z9THogt
fjicklesha,Fidelity,Jickles,7887516,fjicklesha@dell.com,rxqKod
bmcgebenayhb,Blinni,McGebenay,4659491,bmcgebenayhb@npr.org,vuwe2qg
rgilleberthc,Rutger,Gillebert,1305775,rgilleberthc@baidu.com,JREeV39
rparsonsonhd,Rachele,Parsonson,9422464,rparsonsonhd@hostgator.com,GAw1ucSrzg
bgyleshe,Blondell,Gyles,5623253,bgyleshe@huffingtonpost.com,6zn90tr
mroebyhf,Margareta,Roeby,4011857,mroebyhf@alibaba.com,pezIIf3e4o
kbirtleyhg,Kevin,Birtley,2496990,kbirtleyhg@surveymonkey.com,3Y4X47iOqqm
mpaddisonhh,Maisie,Paddison,6895798,mpaddisonhh@mozilla.com,Q8oQJOj9
ktingleyhi,Kaiser,Tingley,2425104,ktingleyhi@bloglines.com,ix5S5f4
lrhydderchhj,Leonid,Rhydderch,4076913,lrhydderchhj@youku.com,UpZP9Wa7
cconstanzahk,Chandler,Constanza,1406858,cconstanzahk@jugem.jp,rhvOoU6fUA
ekemberyhl,Efren,Kembery,9484356,ekemberyhl@msn.com,qoThKQv
cwhatfordhm,Chaddie,Whatford,8275288,cwhatfordhm@apache.org,0QMSKP
pnorleyhn,Patricio,Norley,8397700,pnorleyhn@amazon.co.uk,gtKsJte8dki
arochho,Ancell,Roch,4850436,arochho@booking.com,B5YLPLGdy
klewtyhp,Klarrisa,Lewty,8190793,klewtyhp@nasa.gov,dV0pSs
ebellanyhq,Eadmund,Bellany,5235061,ebellanyhq@yolasite.com,fpgsqHg
dbrownsallhr,Doyle,Brownsall,4506315,dbrownsallhr@senate.gov,rja3hXq7U5S
rkidstounhs,Rouvin,Kidstoun,5707021,rkidstounhs@fema.gov,4kTHRWFd
bheasleyht,Brandy,Heasley,9764830,bheasleyht@smugmug.com,DGGIAY
crubinowhu,Celene,Rubinow,8716131,crubinowhu@cbsnews.com,BJJV6uKs8J6b
jharlehv,Johna,Harle,5433871,jharlehv@comcast.net,tmrFeKcT4Dm
lrivilishw,Lizbeth,Rivilis,3111235,lrivilishw@mac.com,Npw8GXAat
sbucknerhx,Stewart,Buckner,9602002,sbucknerhx@weibo.com,YwhPbMV7jww
rwhykehy,Romeo,Whyke,5412564,rwhykehy@nifty.com,4NQIS02E
ewalcherhz,Eben,Walcher,8198541,ewalcherhz@barnesandnoble.com,hlUdlkb4BAyK
lstoddi0,Laraine,Stodd,9989039,lstoddi0@addtoany.com,pWq39kR7
rormei1,Reinald,Orme,1944213,rormei1@bluehost.com,PE2NXdiO
jwillmettsi2,Jeane,Willmetts,4739186,jwillmettsi2@theguardian.com,K5i1u3zAUH
ttilioi3,Tasha,Tilio,7225262,ttilioi3@opensource.org,CyECeB9Dh
dbarberyi4,Dorie,Barbery,8028837,dbarberyi4@yellowbook.com,HhZHU2rwD
srouchyi5,Sara-ann,Rouchy,2743571,srouchyi5@blinklist.com,aOeKDTD
crollsi6,Carola,Rolls,9900976,crollsi6@state.tx.us,rXOaSB6PJa
fkattei7,Farra,Katte,6101939,fkattei7@tripod.com,QYtrjGt9
bmorranti8,Babara,Morrant,6163230,bmorranti8@walmart.com,XcjCWpgdtTda
mdelafoyi9,Merwyn,Delafoy,6491242,mdelafoyi9@redcross.org,JPbJvn2eeTW
apetrozziia,Allsun,Petrozzi,8126020,apetrozziia@amazon.com,zYCbKAcwZ
jbiggib,Jaquith,Bigg,4206686,jbiggib@cdc.gov,xE5lvuoE0di
chyndleyic,Crichton,Hyndley,3111117,chyndleyic@nationalgeographic.com,kZYznpH
kbettesonid,Konstantin,Betteson,3536286,kbettesonid@dmoz.org,i1OOOU
efendlenie,Elva,Fendlen,1387066,efendlenie@t-online.de,2K0YR7sh
ecreffieldif,Everett,Creffield,8021159,ecreffieldif@booking.com,kKWHpRZ
gpalleig,Greg,Palle,4618724,gpalleig@meetup.com,qEXYTQI
hgrandinih,Hilario,Grandin,8176291,hgrandinih@tumblr.com,KrDsFoI
rmackellenii,Rubin,MacKellen,5707864,rmackellenii@marketwatch.com,twqtEX
gmcmichaelij,Gayel,McMichael,1921060,gmcmichaelij@rakuten.co.jp,1fzdK0LABO
cbaudryik,Conroy,Baudry,9919023,cbaudryik@tuttocitta.it,59WVjbnsMwzs
stossellil,Sigismond,Tossell,2239701,stossellil@sphinn.com,TrUEyZnG
lknowlysim,Lewiss,Knowlys,6821495,lknowlysim@ycombinator.com,azvkS4nrQwPw
tlangfieldin,Tracy,Langfield,9839015,tlangfieldin@paginegialle.it,9wyVtk
cwhoolehanio,Coralyn,Whoolehan,6615391,cwhoolehanio@businessweek.com,wQm34wJUybF
wtixallip,Willdon,Tixall,3923687,wtixallip@apache.org,4Czbw5Yz
celderidgeiq,Cate,Elderidge,6720452,celderidgeiq@sbwire.com,V9w3rys
ghallowellir,Giff,Hallowell,8145953,ghallowellir@pagesperso-orange.fr,aOaEH6U8tTxR
alindroosis,Anallise,Lindroos,8288038,alindroosis@sciencedaily.com,E9GGboMSbE
bacockit,Burlie,Acock,9678634,bacockit@scientificamerican.com,XnhL2bI08C1g
aladbrookeiu,Ayn,Ladbrooke,3313680,aladbrookeiu@furl.net,pkabOw8AV7OG
acleghorniv,Allister,Cleghorn,6448335,acleghorniv@issuu.com,o01NFLYiJ
khuertasiw,Karlee,Huertas,3121530,khuertasiw@va.gov,hOciSy
smcgallix,Steven,McGall,3801068,smcgallix@aboutads.info,85eNpimlcYFj
cjopsoniy,Carrissa,Jopson,1777222,cjopsoniy@t-online.de,M2DRxHX
rvernayiz,Richmond,Vernay,9185877,rvernayiz@macromedia.com,b1SfmuzWXwLd
mstrutleyj0,Mark,Strutley,8133226,mstrutleyj0@ocn.ne.jp,0re9DYcs2a
wwankaj1,Willa,Wanka,8024978,wwankaj1@last.fm,8IEUl0wE
lshoorbrookej2,Lee,Shoorbrooke,2152593,lshoorbrookej2@weibo.com,8eZjEzFK
tmagnayj3,Tammy,Magnay,7921941,tmagnayj3@walmart.com,J7slGdBSh
jcolbournj4,Jillayne,Colbourn,3373501,jcolbournj4@netscape.com,FMkXyf
aivashovj5,Artemas,Ivashov,4424365,aivashovj5@360.cn,q2CZoPssK
etroreyj6,Erika,Trorey,7465628,etroreyj6@theglobeandmail.com,yzBHLBI41
uzoephelj7,Ulysses,Zoephel,6539708,uzoephelj7@mapy.cz,jI0l0FDm
asimminsj8,Alphonse,Simmins,2415680,asimminsj8@infoseek.co.jp,EqV3JlVba9x
talderwickj9,Tabby,Alderwick,3336959,talderwickj9@webs.com,h5ZlJLwu42
bmunceyja,Bertrand,Muncey,9028806,bmunceyja@sitemeter.com,sKAh88L
jroubyjb,Jorry,Rouby,7431477,jroubyjb@photobucket.com,ibLmQob89j1
tpriddenjc,Tatum,Pridden,1789953,tpriddenjc@wikia.com,nu8ecKlwrCb
fraywoodjd,Farand,Raywood,1567109,fraywoodjd@bbc.co.uk,oZRpk1o9
sfreckeltonje,Stacee,Freckelton,3178666,sfreckeltonje@facebook.com,AjgFqc2X
ssemradjf,Sascha,Semrad,9582398,ssemradjf@printfriendly.com,Q3OwsbQzR7GL
mradolfjg,Marianna,Radolf,8547611,mradolfjg@eventbrite.com,juB0cnqAb8
ddibsdalejh,Dorey,Dibsdale,6778632,ddibsdalejh@cnn.com,nQZnEb7n
glidstoneji,Georgine,Lidstone,8996034,glidstoneji@psu.edu,b12fxNW
mhallifaxjj,Maudie,Hallifax,7165237,mhallifaxjj@webs.com,AQTvqIJyPSjh
rkerswilljk,Ramona,Kerswill,7518879,rkerswilljk@hexun.com,NOaVEIUx9
gpaylorjl,Gisella,Paylor,7355406,gpaylorjl@fda.gov,sLOmqYKucnAB
bjillisjm,Bordie,Jillis,8162663,bjillisjm@xrea.com,KftHRvgmpXrk
wrucklidgejn,Weider,Rucklidge,5112892,wrucklidgejn@bloomberg.com,9Rsj7gYo9z
mgomersaljo,Marna,Gomersal,6940581,mgomersaljo@e-recht24.de,p32JV0bIK
nconnockjp,Noami,Connock,6773896,nconnockjp@cargocollective.com,SJUlDqbO
jsegebrechtjq,Janis,Segebrecht,3571667,jsegebrechtjq@ucoz.ru,hoFV37J8f
hmcpartlingjr,Herb,McPartling,1932507,hmcpartlingjr@patch.com,oRja9O
dmarryattjs,Datha,Marryatt,1488472,dmarryattjs@naver.com,hzwZzrDH10Sz
pstpierrejt,Patrizius,St Pierre,2452109,pstpierrejt@baidu.com,1CGnAJp
pmandersonju,Paulie,Manderson,5335993,pmandersonju@twitpic.com,aXQo67MzMYCP
sshowersjv,Sorcha,Showers,1711510,sshowersjv@berkeley.edu,j5TQ7NGwtO
tshaddockjw,Trix,Shaddock,4316810,tshaddockjw@alexa.com,5ybXR4A7
qsenettjx,Quintus,Senett,7943474,qsenettjx@example.com,MbAwKI0
sfareyjy,Saidee,Farey,6641722,sfareyjy@weibo.com,ZQwfLxgUzwyn
ksissensjz,Kalina,Sissens,1252205,ksissensjz@redcross.org,77BVF5x
twyerk0,Thane,Wyer,5724483,twyerk0@engadget.com,14xud70e
cmapsk1,Clair,Maps,3462354,cmapsk1@jimdo.com,nzY0VPLl
stiesk2,Sergent,Ties,4555684,stiesk2@home.pl,YkpHSDH
cbooik3,Chancey,Booi,1513460,cbooik3@jugem.jp,i9910JS814
fatherk4,Freddie,Ather,5215127,fatherk4@example.com,1iWfkH20zJC
achildk5,Alma,Child,9900606,achildk5@acquirethisname.com,RfKHDQu
eboolerk6,Elbertine,Booler,2578516,eboolerk6@phoca.cz,zB6pSU
pelcottk7,Pam,Elcott,1924819,pelcottk7@go.com,1y8GT8hCX9
asetchfieldk8,Adrianna,Setchfield,6253335,asetchfieldk8@adobe.com,VJ7jSRCL1d
kstobbesk9,Kelwin,Stobbes,5538647,kstobbesk9@taobao.com,Oxi0CeWpD
tpegramka,Tamiko,Pegram,5798107,tpegramka@hibu.com,Mibgj25F
gcaldarokb,Garfield,Caldaro,6738750,gcaldarokb@apple.com,mojfbyi9
vgiacaponikc,Vance,Giacaponi,2127630,vgiacaponikc@house.gov,t78qjrR7
ematlockkd,Erasmus,Matlock,4777878,ematlockkd@people.com.cn,ELb7kbEld
sjaumeke,Salomo,Jaume,5054181,sjaumeke@is.gd,zFDrnJgDsu
rmanicombkf,Rennie,Manicomb,8295584,rmanicombkf@unc.edu,gqHnt0
lmacdonaghkg,Lavinie,MacDonagh,7916861,lmacdonaghkg@wiley.com,mZ8Ez4x5RzBa
ostenetkh,Odo,Stenet,6615448,ostenetkh@dion.ne.jp,o3Swl61xs38A
astilliardki,Alfred,Stilliard,3583297,astilliardki@photobucket.com,qC5NgmUh
aearngykj,Annie,Earngy,5204592,aearngykj@tinypic.com,kWLlWn7oniN2
opessoltkk,Ophelia,Pessolt,5976946,opessoltkk@51.la,lCqZynzQ
hpearseykl,Hildagard,Pearsey,9773223,hpearseykl@sciencedirect.com,qZgBVjL0f
kszanthokm,Krishnah,Szantho,9267439,kszanthokm@discovery.com,nnDtQ3YilYs5
gclimsonkn,Ginelle,Climson,4902461,gclimsonkn@deliciousdays.com,oNBcWs1EUk0
wshalloko,Wells,Shallo,7743306,wshalloko@reverbnation.com,hceS1pksh
hellyattkp,Hubey,Ellyatt,8922936,hellyattkp@wikispaces.com,fFweVeQ
ksisleykq,Kelsey,Sisley,1168470,ksisleykq@cnn.com,3DceolN
dfalconbridgekr,Debee,Falconbridge,1354828,dfalconbridgekr@slate.com,Qhc4mUg
rmacallesterks,Reta,MacAllester,3096618,rmacallesterks@bloomberg.com,U3Q2xdqWbiW
bforgiekt,Beth,Forgie,8711790,bforgiekt@nih.gov,8DbDZGG
rbootku,Rodina,Boot,7644080,rbootku@tripadvisor.com,k3esxKiOg
jpateskv,Julian,Pates,1483243,jpateskv@utexas.edu,Niloqy
gbirniekw,Gibby,Birnie,1145787,gbirniekw@aol.com,wd84yxryb
schurchkx,Sheffield,Church,6812460,schurchkx@usda.gov,3azqxH
kwillemanky,Karil,Willeman,9778824,kwillemanky@hc360.com,IRyql4npNd
gmuggkz,Godart,Mugg,1175758,gmuggkz@com.com,0VJHKMdAPPGr
esambathl0,Eddy,Sambath,9290185,esambathl0@networksolutions.com,aW6Q1Rq0Bf
shugonetl1,Samuele,Hugonet,2008855,shugonetl1@usatoday.com,7NEeQS
tjansel2,Talia,Janse,5484723,tjansel2@fc2.com,AO8nF04FjT
pbrecknockl3,Phineas,Brecknock,6341929,pbrecknockl3@list-manage.com,NtgYbrv7kGHa
vnordassl4,Vachel,Nordass,7355987,vnordassl4@bloglines.com,gSpUpbgcYpmE
uneathl5,Umeko,Neath,6134536,uneathl5@opera.com,0cAjegfPnLls
lwaleranl6,Leonidas,Waleran,8551964,lwaleranl6@sun.com,VU5i46k
aelesanderl7,Aurora,Elesander,3008494,aelesanderl7@bravesites.com,71GmS5cHalUU
cbricknelll8,Chere,Bricknell,2684833,cbricknelll8@privacy.gov.au,HY25WLM75
teasunl9,Terri,Easun,3123131,teasunl9@fda.gov,9qLMSBRCCv5r
whackwellla,Wenda,Hackwell,7669700,whackwellla@rakuten.co.jp,QxYycqHY
tmagnaylb,Tobi,Magnay,3277289,tmagnaylb@blogger.com,XtjeqQebQ
kjanskylc,Krissie,Jansky,3258675,kjanskylc@sbwire.com,BBpmQC
kmanshawld,Kerrie,Manshaw,9788046,kmanshawld@utexas.edu,9VIzOFB
cjollandle,Cyrus,Jolland,8963290,cjollandle@dmoz.org,9lXaNWUDkHLU
thalladlf,Tobin,Hallad,2564422,thalladlf@taobao.com,6RHLncl
cidlelg,Calypso,Idle,8166601,cidlelg@foxnews.com,wXG3lj6Ha
pcashelllh,Paulo,Cashell,2592175,pcashelllh@hatena.ne.jp,igExiy
cdiwellli,Craggie,Diwell,7315080,cdiwellli@dedecms.com,3ikik3
tbraccolj,Tailor,Bracco,8041091,tbraccolj@ucsd.edu,B0YKOfrR4
jshasnanlk,Jodi,Shasnan,5674923,jshasnanlk@springer.com,xIC0VvlK
sdebruynll,Samuel,De Bruyn,9413288,sdebruynll@dailymail.co.uk,HlicCzCbDw
bblakdenlm,Brittney,Blakden,6913418,bblakdenlm@apple.com,b6fKTMMVmi
amcorkillln,Andrea,McOrkill,2398582,amcorkillln@dailymotion.com,DHVzrI
twickinslo,Tiffi,Wickins,7347642,twickinslo@wordpress.org,SSBCPd
cfoskenlp,Coralyn,Fosken,5693873,cfoskenlp@examiner.com,UnkI9F
tkenzielq,Tate,Kenzie,6575778,tkenzielq@tumblr.com,EbDtpcVon9ud
rhothersalllr,Rochester,Hothersall,9749513,rhothersalllr@edublogs.org,XdhrYk7rJ1Te
mhartlyls,Mateo,Hartly,2396946,mhartlyls@woothemes.com,XzW8TPDPyYoP
jshorlandlt,Jessie,Shorland,8619902,jshorlandlt@home.pl,NWsefmJzJUA6
bodeelu,Bran,O'Dee,1609225,bodeelu@barnesandnoble.com,XjenBhgKCw
idaniaulv,Idalina,Daniau,3935738,idaniaulv@delicious.com,qQ5YRQQjKRr8
bhigginbottamlw,Bryon,Higginbottam,9262133,bhigginbottamlw@addtoany.com,tACjiW7r4A
rkrollmanlx,Rayna,Krollman,4191177,rkrollmanlx@skype.com,V18b2UhdM
iolczakly,Irena,Olczak,5108252,iolczakly@answers.com,1d4jWMF8bk
cmitchellz,Claude,Mitchel,4505888,cmitchellz@psu.edu,HuP5Vmknxk
afablerm0,Andrew,Fabler,6323182,afablerm0@intel.com,dEDgmNkMMRi
mtrendlem1,Myrtia,Trendle,2296555,mtrendlem1@wisc.edu,rTtUepnvBEL
bshulemm2,Bordy,Shulem,1691752,bshulemm2@bizjournals.com,cYZkYRzJBj
balbenm3,Bentley,Alben,7783036,balbenm3@comsenz.com,EHJQlG
lgisburnem4,Lazar,Gisburne,5408420,lgisburnem4@cpanel.net,raZQLJ
acleugherm5,Annadiana,Cleugher,3540827,acleugherm5@economist.com,hwkvbDoiKH
mmacmillanm6,Mirilla,MacMillan,1923597,mmacmillanm6@telegraph.co.uk,zhNjxoaBnh
ctosdevinm7,Chalmers,Tosdevin,9094997,ctosdevinm7@issuu.com,q9XRsaPQPI0j
eallansonm8,Emelia,Allanson,1486533,eallansonm8@seattletimes.com,TbsCla5Wg
lbeetlestonem9,Lexie,Beetlestone,4532713,lbeetlestonem9@tiny.cc,GINlMC1tlGak
trivettma,Tedie,Rivett,9127785,trivettma@spotify.com,30Fnnj
amiskenmb,Anjela,Misken,3791927,amiskenmb@typepad.com,X055BO
apattendenmc,Aeriell,Pattenden,4194389,apattendenmc@harvard.edu,NciMdLRW
bbunnymd,Bonnee,Bunny,3033089,bbunnymd@dyndns.org,Dxws1o
cwarbrickme,Colet,Warbrick,2309822,cwarbrickme@craigslist.org,C75cqp5HgZBU
psprymf,Phil,Spry,3411090,psprymf@elegantthemes.com,RdaG6tr5G
blinnemg,Bobette,Linne,2353973,blinnemg@trellian.com,sgrHTR
mpaysmh,Mandel,Pays,5187609,mpaysmh@wix.com,4LblXQcwIQM
mimriemi,Melvin,Imrie,7241258,mimriemi@rambler.ru,lzdk50F
wgiacopinimj,Wilhelmine,Giacopini,8386265,wgiacopinimj@columbia.edu,qmlmXeftRLmH
iculshawmk,Inez,Culshaw,3857681,iculshawmk@slashdot.org,0fKKBxf
cpuckeyml,Curr,Puckey,5998094,cpuckeyml@hc360.com,zBkEIK7
twissonmm,Tommi,Wisson,9474858,twissonmm@artisteer.com,JA7wDqO9p
elinfordmn,Edyth,Linford,9583211,elinfordmn@mapy.cz,nCHRjWBy6v0w
bcoverdalemo,Bianka,Coverdale,6148329,bcoverdalemo@cbsnews.com,mPKZ8h
hstannahmp,Herculie,Stannah,2855715,hstannahmp@amazon.co.jp,ruUIpSmRTGr
kbiddissmq,Kippie,Biddiss,1744912,kbiddissmq@blogtalkradio.com,ONySWNjET
agalieromr,Anatol,Galiero,8395641,agalieromr@illinois.edu,RXvvCVIhs
hadelbergms,Hebert,Adelberg,7922128,hadelbergms@examiner.com,3t8qnmE
tshipmanmt,Teri,Shipman,8387763,tshipmanmt@epa.gov,uTUnoBE
wsheivelsmu,Weylin,Sheivels,1184219,wsheivelsmu@mit.edu,RTXlNf
slampartmv,Siward,Lampart,8736669,slampartmv@google.ca,d00kzLYK
aandreamw,Aryn,Andrea,7398395,aandreamw@mapy.cz,6KSLxqQLT
gangermx,Genovera,Anger,8119947,gangermx@youtu.be,1QE5sAu
nstennesmy,Nikolas,Stennes,2714314,nstennesmy@privacy.gov.au,zcH5Rd
fgarlettmz,Ferdinande,Garlett,9406288,fgarlettmz@reddit.com,O0YdTd
scambelln0,Steffane,Cambell,9402942,scambelln0@bluehost.com,spwKxGSLm1sY
hvanarsdalen1,Hernando,Van Arsdale,4926527,hvanarsdalen1@canalblog.com,6hyxp4xUEAC
avonwelldunn2,Ashley,Von Welldun,5426759,avonwelldunn2@imdb.com,R58WANZ
bklimesn3,Benedikta,Klimes,6080630,bklimesn3@wsj.com,J9k7iIpsk
dpriddenn4,Dyana,Pridden,8459819,dpriddenn4@exblog.jp,5UTvYgH
alamballn5,Almeria,Lamball,5940203,alamballn5@gizmodo.com,CdhbcRwgTCm
tdraytonn6,Thor,Drayton,6034142,tdraytonn6@ca.gov,5ScSS4MAA
fseneschaln7,Fernande,Seneschal,6544224,fseneschaln7@php.net,ugnewp1q13M
zbettesonn8,Zebulon,Betteson,8942140,zbettesonn8@php.net,fIBT7xOIYX8W
sbonhann9,Sally,Bonhan,9640270,sbonhann9@washington.edu,a498pZzIAkC
crouthna,Corri,Routh,2696395,crouthna@state.tx.us,vk7e2S3M
chingnb,Cary,Hing,5328893,chingnb@timesonline.co.uk,e6ozTX
mcranefieldnc,Marje,Cranefield,8204580,mcranefieldnc@google.cn,VOge6GK
hwhatsizend,Holly,Whatsize,3250732,hwhatsizend@furl.net,TfoHcnvjaFQA
soboylene,Spenser,O'Boyle,3733891,soboylene@macromedia.com,0ezY0rbZQ6v
poggnf,Putnam,Ogg,2349403,poggnf@macromedia.com,juMIOrX
fboornng,Forbes,Boorn,7752326,fboornng@lycos.com,dggQRy
acheshirenh,Alexandre,Cheshire,4829971,acheshirenh@networkadvertising.org,t2JSjBC6XX
dprinnettni,Darb,Prinnett,6960273,dprinnettni@jalbum.net,NN0WoZv9e
rnewnsnj,Romy,Newns,8033583,rnewnsnj@de.vu,7cx1W1
ekruszelnickink,Eryn,Kruszelnicki,7319943,ekruszelnickink@canalblog.com,jeO4jT
acatonnenl,Audra,Catonne,4830003,acatonnenl@ucoz.ru,Vg8p068dBH
kdaoutnm,Karon,Daout,9377372,kdaoutnm@t.co,Ovqz7Z
wdestoopnn,Waverly,De Stoop,7597993,wdestoopnn@pen.io,X6ZuQLgtqnCj
aattawellno,Addia,Attawell,7904371,aattawellno@usda.gov,RY5RX1uT0
nbrakespearnp,Noreen,Brakespear,7322351,nbrakespearnp@cbslocal.com,83x5z4P1
esweatingnq,Emmanuel,Sweating,9250617,esweatingnq@comcast.net,dvehdz7
ngherarduccinr,Nicolas,Gherarducci,7974739,ngherarduccinr@latimes.com,h6L3m6zSqs
cclowtonns,Cam,Clowton,4500221,cclowtonns@sina.com.cn,5NIemsYfB
bpedgriftnt,Brnaba,Pedgrift,1247002,bpedgriftnt@stanford.edu,epwoQu
ctuffellnu,Corri,Tuffell,8600483,ctuffellnu@jalbum.net,kZ4s0KoqrO0
mridgernv,Moyna,Ridger,2779181,mridgernv@businessweek.com,MUkNfALaHPGy
mcallcottnw,Maritsa,Callcott,1521233,mcallcottnw@stanford.edu,AAWN6p15QSg
nnortunennx,Nikkie,Nortunen,9455930,nnortunennx@wiley.com,iGxg6F
mlefeverny,Margot,Lefever,5844448,mlefeverny@adobe.com,5ZEUO9F
mbennz,Modesta,Ben,6142270,mbennz@umn.edu,yVqa2JNAnRj
dstorriero0,Demetris,Storrier,3278350,dstorriero0@huffingtonpost.com,30KbRqtg
agarletto1,Ardyth,Garlett,4028708,agarletto1@nsw.gov.au,NkWIUUUybrGV
vkernocko2,Val,Kernock,8012837,vkernocko2@fema.gov,EDGdlv0b
bfaceo3,Boniface,Face,7942360,bfaceo3@ifeng.com,LojAW3nAags
jgarmso4,Justen,Garms,3171367,jgarmso4@devhub.com,oaVpivKZ3b
cjesteo5,Con,Jeste,7588612,cjesteo5@msn.com,lLUWKts
mmcpheato6,Mindy,McPheat,7593317,mmcpheato6@360.cn,sn53h32K3
bgiacobazzio7,Bert,Giacobazzi,9139727,bgiacobazzio7@ask.com,eW6DzKZykE8p
aferrigeo8,Atlanta,Ferrige,2231245,aferrigeo8@fda.gov,abenTio
wpedroo9,Walt,Pedro,2507910,wpedroo9@ask.com,1vJdwyLW
melfittoa,Melisa,Elfitt,9166931,melfittoa@pagesperso-orange.fr,pwmmssum9
raceob,Reeba,Ace,7291259,raceob@alibaba.com,9eP5u2
dodonohoeoc,Duncan,O' Donohoe,1764010,dodonohoeoc@about.com,g0W2FI0z9
ksterzakerod,Kerianne,Sterzaker,5951750,ksterzakerod@twitpic.com,jq4w2Yr
cyoulloe,Che,Youll,3349631,cyoulloe@newsvine.com,pwyqunU
tandressof,Timofei,Andress,7701153,tandressof@adobe.com,QGBwPaFz4
lgamblinog,Loreen,Gamblin,3144173,lgamblinog@exblog.jp,XgraafnOEEf
hlambrechtoh,Hilario,Lambrecht,2436627,hlambrechtoh@goo.ne.jp,qCG15eJof0na
rmanterfieldoi,Romona,Manterfield,5939010,rmanterfieldoi@ning.com,1Fu6oZgRzc5
cthynneoj,Corbie,Thynne,8843357,cthynneoj@nifty.com,5BINUcZBj1
rmillerok,Rupert,Miller,7578992,rmillerok@hc360.com,FsrLhYmS2k
zcrowtheol,Zack,Crowthe,9144515,zcrowtheol@stumbleupon.com,C0UE1XdNJ1
bholdom,Brod,Hold,8682631,bholdom@wisc.edu,2PC4aniY
pmuldowneyon,Paula,Muldowney,1499049,pmuldowneyon@elegantthemes.com,b88yIh5nT
ksisnettoo,Kylila,Sisnett,8749133,ksisnettoo@icq.com,m505rct5pG4
vbehninckop,Vivianne,Behninck,2258427,vbehninckop@indiatimes.com,o8XR9N
gwigleyoq,Griselda,Wigley,7235614,gwigleyoq@tinyurl.com,enLVsRf
ppollockor,Phelia,Pollock,4744921,ppollockor@scientificamerican.com,ffg9EifGZ4U
asibyllinaos,Alwin,Sibyllina,1880851,asibyllinaos@homestead.com,nIdD7ba
mseeviourot,Maurene,Seeviour,5161355,mseeviourot@nature.com,cVv7zyrFQJV
bwyllisou,Brenna,Wyllis,8565422,bwyllisou@ted.com,Hxeq2AgC
zstrowlgerov,Zacharia,Strowlger,7791293,zstrowlgerov@ucla.edu,DgEp06pz7
csturgesow,Carce,Sturges,1159016,csturgesow@opensource.org,fPzg8oP
hiczokvitzox,Hogan,Iczokvitz,2545098,hiczokvitzox@ucoz.com,c6JjWpU6oowI
earrowoy,Ellynn,Arrow,4732379,earrowoy@sun.com,bdtZSU1xg
sbreachoz,Sigismond,Breach,2063811,sbreachoz@msn.com,MrTz3Qu3ShRY
schallensp0,Sayre,Challens,8957999,schallensp0@nih.gov,hVkaWBOlfOG
lbrightwellp1,Lizzie,Brightwell,9467375,lbrightwellp1@vimeo.com,X6yDmQ82crVb
dodalyp2,Domenic,O'Daly,9491328,dodalyp2@cnbc.com,s0UqoHG9RC
rcarlinop3,Ruben,Carlino,2361326,rcarlinop3@myspace.com,F6v34wWnz
cofferp4,Clem,Offer,9232838,cofferp4@yale.edu,vw3OprHQ
mcuerdap5,Melodee,Cuerda,6749891,mcuerdap5@opensource.org,3lvtPPdw1i
blambalp6,Baxter,Lambal,4139862,blambalp6@hostgator.com,cLVrf8LzT
jdummiganp7,Jae,Dummigan,1289533,jdummiganp7@theglobeandmail.com,JkZEFE
jkorpolakp8,Joete,Korpolak,6212181,jkorpolakp8@go.com,KkQrEpz1hyJy
jmagennyp9,Jephthah,Magenny,9010014,jmagennyp9@reference.com,YI4Q0bB
mandrzejowskipa,Munroe,Andrzejowski,9189441,mandrzejowskipa@youku.com,4FX0k5P
agiffonpb,Alison,Giffon,1910710,agiffonpb@webs.com,YcytzwG
dchelnampc,Darby,Chelnam,7046050,dchelnampc@mayoclinic.com,Mny9JYTt
xmcphersonpd,Ximenez,McPherson,7829400,xmcphersonpd@japanpost.jp,ESEifY1LLJq
kstanbrope,Korey,Stanbro,3465562,kstanbrope@usa.gov,z85MjEbmQi
dkryszkapf,Durand,Kryszka,7885776,dkryszkapf@chronoengine.com,5TERGB8
lpetchpg,Lebbie,Petch,6961718,lpetchpg@weather.com,6NSLuC
lrowaszkiewiczph,Layla,Rowaszkiewicz,1395485,lrowaszkiewiczph@aboutads.info,aYvoqc
jramptonpi,Jacinda,Rampton,8353911,jramptonpi@nature.com,SN6uTFGUUOdS
kbusstpj,Kinna,Busst,5742619,kbusstpj@ucoz.com,9U38Na
tlaurencepk,Tara,Laurence,9009083,tlaurencepk@lulu.com,8WyQ73pHS5
nbinglepl,Nolly,Bingle,3788880,nbinglepl@spotify.com,HewnN4L
dlackmannpm,Domenico,Lackmann,3472347,dlackmannpm@ed.gov,IcKN4bnqEbK
rrolleypn,Randy,Rolley,3325050,rrolleypn@sohu.com,9NY16JgNitg
fskippenpo,Fabien,Skippen,6565662,fskippenpo@booking.com,0sGd2t
blongriggpp,Bordy,Longrigg,7658129,blongriggpp@cisco.com,e4Zacp
sspaciepq,Serena,Spacie,6856863,sspaciepq@utexas.edu,tUeDySW2
gpiddickpr,Gil,Piddick,1457334,gpiddickpr@e-recht24.de,UMxB25fL
mlarrosaps,Mady,Larrosa,1235527,mlarrosaps@biglobe.ne.jp,jR9Yscp4Dvt
gmccarrisonpt,Gene,McCarrison,4136236,gmccarrisonpt@mlb.com,A3lBmcJgXNM
kstrawbridgepu,Katy,Strawbridge,7388520,kstrawbridgepu@so-net.ne.jp,LrCVVRkcc
rmapowderpv,Rickie,Mapowder,1938260,rmapowderpv@imageshack.us,P0JYkl
fhinschpw,Fawne,Hinsch,6707732,fhinschpw@google.co.uk,GU2R2K4rxB
tgreenawaypx,Tresa,Greenaway,2651008,tgreenawaypx@reddit.com,A1xXkX8PtDT9
gbyrepy,Gavin,Byre,4877750,gbyrepy@mit.edu,Lr8ZMbl3u
abeeckpz,Abba,Beeck,1725673,abeeckpz@altervista.org,4Op3IjB
hmcgookinq0,Herbie,McGookin,9433514,hmcgookinq0@omniture.com,DsUt40i
lsharpq1,Lucia,Sharp,7148297,lsharpq1@barnesandnoble.com,ffXc9IX8N
cflowersq2,Cazzie,Flowers,5040173,cflowersq2@surveymonkey.com,F5TBwV
jpaulichq3,Josy,Paulich,8976132,jpaulichq3@merriam-webster.com,4S0eEiEV
cgianulliq4,Carilyn,Gianulli,5953815,cgianulliq4@pinterest.com,ZQP7Ok
jburgesq5,June,Burges,4469885,jburgesq5@clickbank.net,UYgoxaqLn4DC
ktoopinq6,Kelila,Toopin,1375446,ktoopinq6@ftc.gov,Yf1IqBnxb
cdeverq7,Celia,Dever,7471119,cdeverq7@list-manage.com,95STXQzyoycc
rmartignonq8,Rowen,Martignon,6343852,rmartignonq8@joomla.org,r1TeQRhwE
mbristonq9,Maisie,Briston,9646048,mbristonq9@mapy.cz,I3WqgQSl
rgiacomuzziqa,Roz,Giacomuzzi,1181505,rgiacomuzziqa@domainmarket.com,ogWVzhCFe
horknayqb,Hew,Orknay,7851569,horknayqb@ft.com,5tTKBvD4xCc
mezzellqc,Melisandra,Ezzell,4204133,mezzellqc@accuweather.com,FSAUGGe6
fmenslerqd,Felicia,Mensler,8073413,fmenslerqd@msn.com,KXk8rb
nmcdarmidqe,Neda,McDarmid,8419986,nmcdarmidqe@omniture.com,qVkVy0ruz3O
aarmourqf,Amandie,Armour,9673443,aarmourqf@home.pl,B6QxT2Bgv
rwoodleyqg,Robbyn,Woodley,2910115,rwoodleyqg@rediff.com,ym0IZba
smacconneelyqh,Seamus,MacConneely,1153618,smacconneelyqh@shutterfly.com,uo21n9hv
epearmanqi,Etheline,Pearman,4532872,epearmanqi@hhs.gov,bxCun0mrLVxj
slamartineqj,Serena,Lamartine,2112395,slamartineqj@huffingtonpost.com,8rvkMIo
lsouzaqk,Louisette,Souza,9253417,lsouzaqk@auda.org.au,9xQMqNP
cmahmoodql,Carrissa,Mahmood,8060454,cmahmoodql@dyndns.org,3Cv3oy5B
klowensohnqm,Kelsy,Lowensohn,6715303,klowensohnqm@furl.net,qYpRFBLZHPkd
ltanderqn,Lek,Tander,5237981,ltanderqn@forbes.com,OpJPSxG6
ekleynermansqo,Elwira,Kleynermans,1599527,ekleynermansqo@uiuc.edu,0xbJjmDUGdi
mlutzmannqp,Merl,Lutzmann,2402267,mlutzmannqp@domainmarket.com,Eg5nbvBeVO
cwigginsqq,Clay,Wiggins,5660775,cwigginsqq@oaic.gov.au,aPvppS3mgkf
lflintuffqr,Letti,Flintuff,5903770,lflintuffqr@nationalgeographic.com,5TEcD6
iwinspearqs,Iorgos,Winspear,2003845,iwinspearqs@studiopress.com,s3NC5Zag
sgatesmanqt,Suki,Gatesman,5295108,sgatesmanqt@icq.com,6Bysb78
oheywardqu,Ofelia,Heyward,2237558,oheywardqu@cnbc.com,yiDWTLHe
ipepperdqv,Irina,Pepperd,3848534,ipepperdqv@hubpages.com,RgwB4376
carstallqw,Clementia,Arstall,4548674,carstallqw@google.cn,YGStjXzul0q
lbirtwistleqx,Lewes,Birtwistle,1872516,lbirtwistleqx@usatoday.com,l5NyvyZuJlh
phastedqy,Patten,Hasted,4417027,phastedqy@tuttocitta.it,YqI1rV5OQFNK
cgregorattiqz,Colby,Gregoratti,7204287,cgregorattiqz@hatena.ne.jp,zPpGCRu
jannearr0,Jarib,Annear,5449065,jannearr0@msn.com,XaDYnH6t9I
rschroderr1,Rheba,Schroder,5621778,rschroderr1@msn.com,fboh0BUMfj
dfarrinr2,Damian,Farrin,7025271,dfarrinr2@apache.org,9XHcvhRYv
ccomussor3,Clyve,Comusso,4390404,ccomussor3@bandcamp.com,m3tmjIixBR
ascholer4,Archibald,Schole,8889916,ascholer4@cloudflare.com,m0NHEi0SVz
mashallr5,Margaretta,Ashall,8109270,mashallr5@bizjournals.com,xgV35UkMP
pslimonr6,Peterus,Slimon,9530913,pslimonr6@vimeo.com,Su460Nj
mlanahanr7,Maren,Lanahan,8183178,mlanahanr7@webeden.co.uk,VFwNZZmwmnW
ebaintonr8,Elianora,Bainton,7840347,ebaintonr8@adobe.com,4PWOar3l
iwilkier9,Ingunna,Wilkie,5200022,iwilkier9@mapy.cz,yLM5BjOvR
saustinsra,Shelley,Austins,9100056,saustinsra@ifeng.com,x9CM1SXk
agamblesrb,Abram,Gambles,4498842,agamblesrb@un.org,dU9EROb80zG
ffrouderc,Fernanda,Froude,1158483,ffrouderc@netscape.com,0GfjzbkXbSq7
mkillnerrd,Morrie,Killner,4580482,mkillnerrd@ihg.com,i7uVofTXVuL2
slitchmorere,Sonja,Litchmore,6863547,slitchmorere@cnbc.com,GcTKuGeR
chadwinrf,Christoforo,Hadwin,4228576,chadwinrf@symantec.com,rPV0wi8UwP
bthackerayrg,Burr,Thackeray,1867681,bthackerayrg@goo.gl,svdl2XMx4
mpollerrh,Myrta,Poller,1486895,mpollerrh@merriam-webster.com,WbOKhv
efidori,Evangelina,Fido,2409508,efidori@histats.com,0xYOoY2F8VPa
hbullmanrj,Harrie,Bullman,2605439,hbullmanrj@sogou.com,Gmzgnw
gvickressrk,Giselbert,Vickress,2328061,gvickressrk@mysql.com,85pkXv4
tpadefieldrl,Tam,Padefield,9584492,tpadefieldrl@oakley.com,cTDFExl8XfJT
sdellenbrokrm,Shaun,Dellenbrok,3017395,sdellenbrokrm@phpbb.com,q2Xn41a
jsangwinern,Jdavie,Sangwine,5505284,jsangwinern@wisc.edu,yeSdtVVx
ggerardiro,Godfry,Gerardi,7450362,ggerardiro@yahoo.com,idbCf8tbv
bsisnettrp,Bertrando,Sisnett,4228294,bsisnettrp@123-reg.co.uk,Nrt44Kr8fk
asherringhamrq,Anne-corinne,Sherringham,7598383,asherringhamrq@drupal.org,X9JUhOd4i
ghealesrr,Grissel,Heales,9689385,ghealesrr@live.com,62ULSAhZtZ
